trace,params
traces/trace_scale16x_600s_0.csv,params/v1.toml
traces/trace_scale16x_600s_0.csv,params/v2.toml
traces/trace_scale16x_600s_0.csv,params/v3.toml
traces/trace_scale16x_600s_0.csv,params/v4.toml
traces/trace_scale16x_600s_1.csv,params/v1.toml
traces/trace_scale16x_600s_1.csv,params/v2.toml
traces/trace_scale16x_600s_1.csv,params/v3.toml
traces/trace_scale16x_600s_1.csv,params/v4.toml
traces/trace_scale1x_600s_0.csv,params/v1.toml
traces/trace_scale1x_600s_0.csv,params/v2.toml
traces/trace_scale1x_600s_0.csv,params/v3.toml
traces/trace_scale1x_600s_0.csv,params/v4.toml
traces/trace_scale1x_600s_1.csv,params/v1.toml
traces/trace_scale1x_600s_1.csv,params/v2.toml
traces/trace_scale1x_600s_1.csv,params/v3.toml
traces/trace_scale1x_600s_1.csv,params/v4.toml
traces/trace_scale2x_600s_0.csv,params/v1.toml
traces/trace_scale2x_600s_0.csv,params/v2.toml
traces/trace_scale2x_600s_0.csv,params/v3.toml
traces/trace_scale2x_600s_0.csv,params/v4.toml
traces/trace_scale2x_600s_1.csv,params/v1.toml
traces/trace_scale2x_600s_1.csv,params/v2.toml
traces/trace_scale2x_600s_1.csv,params/v3.toml
traces/trace_scale2x_600s_1.csv,params/v4.toml
traces/trace_scale4x_600s_0.csv,params/v1.toml
traces/trace_scale4x_600s_0.csv,params/v2.toml
traces/trace_scale4x_600s_0.csv,params/v3.toml
traces/trace_scale4x_600s_0.csv,params/v4.toml
traces/trace_scale4x_600s_1.csv,params/v1.toml
traces/trace_scale4x_600s_1.csv,params/v2.toml
traces/trace_scale4x_600s_1.csv,params/v3.toml
traces/trace_scale4x_600s_1.csv,params/v4.toml
traces/trace_scale8x_600s_0.csv,params/v1.toml
traces/trace_scale8x_600s_0.csv,params/v2.toml
traces/trace_scale8x_600s_0.csv,params/v3.toml
traces/trace_scale8x_600s_0.csv,params/v4.toml
traces/trace_scale8x_600s_1.csv,params/v1.toml
traces/trace_scale8x_600s_1.csv,params/v2.toml
traces/trace_scale8x_600s_1.csv,params/v3.toml
traces/trace_scale8x_600s_1.csv,params/v4.toml
