pipeline_id,arrival_seconds,priority,operator_id,parents,baseline_cpu_seconds,cpu_scaling,memory_gb,storage_read_gb
p1,0.0,INTERACTIVE,op1,,1,const,,55
p1,,,op2,op1,40,linear7,,20
p1,,,op3,op1,1,const,,55
p1,,,op4,op1,1,const,,55
p2,0.0,INTERACTIVE,op1,,1,const,,55
p2,,,op2,op1,2,sqrt,,55
p2,,,op3,op2,40,linear7,,20
p2,,,op4,op3,40,linear7,,20
p2,,,op5,op4,15,linear3,,37.5
p3,0.0,BATCH_PIPELINE,op1,,1,const,,55
p3,,,op2,op1,15,linear3,,37.5
p3,,,op3,op2,2,sqrt,,55
p3,,,op4,op3,20,linear7,,30
p3,,,op5,op4,15,linear3,,37.5
p3,,,op6,op5,5,linear3,,45
p3,,,op7,op6,2,sqrt,,55
p3,,,op8,op7,40,linear7,,20
p4,0.0,BATCH_PIPELINE,op1,,1,const,,55
p4,,,op2,op1,20,linear7,,30
p4,,,op3,op2,15,linear3,,37.5
p4,,,op4,op3,20,linear7,,30
p4,,,op5,op4,20,linear7,,30
p4,,,op6,op5,80,squared,,10
p4,,,op7,op6,5,linear3,,45
p5,0.0,QUERY,op1,,15,linear3,,35
p6,0.0,QUERY,op1,,15,linear3,,35
p7,0.0,INTERACTIVE,op1,,1,const,,55
p7,,,op2,op1,2,sqrt,,55
p7,,,op3,op2,2,sqrt,,55
p7,,,op4,op3,20,linear7,,30
p7,,,op5,op4,40,linear7,,20
p7,,,op6,op5,20,linear7,,30
p7,,,op7,op6,5,linear3,,45
p8,0.0,BATCH_PIPELINE,op1,,1,const,,55
p8,,,op2,op1,20,linear7,,30
p8,,,op3,op2,15,linear3,,37.5
p8,,,op4,op3,20,linear7,,30
p8,,,op5,op4,15,linear3,,37.5
p8,,,op6,op5,15,linear3,,37.5
p8,,,op7,op6,20,linear7,,30
p8,,,op8,op7,1,const,,55
p9,0.0,INTERACTIVE,op1,,1,const,,55
p9,,,op2,op1,15,linear3,,37.5
p9,,,op3,op2,80,squared,,10
p9,,,op4,op3,2,sqrt,,55
p9,,,op5,op4,40,linear7,,20
p10,0.0,INTERACTIVE,op1,,1,const,,55
p10,,,op2,op1,20,linear7,,30
p10,,,op3,op2,40,linear7,,20
p10,,,op4,op3,40,linear7,,20
p10,,,op5,op4,5,linear3,,45
p11,7.96,QUERY,op1,,15,linear3,,35
p12,7.96,INTERACTIVE,op1,,1,const,,55
p12,,,op2,op1,2,sqrt,,55
p12,,,op3,op2,20,linear7,,30
p12,,,op4,op3,15,linear3,,37.5
p13,7.96,INTERACTIVE,op1,,1,const,,55
p13,,,op2,,20,linear7,,30
p13,,,op3,,5,linear3,,45
p13,,,op4,,20,linear7,,30
p13,,,op5,op1;op2;op3;op4,5,linear3,,45
p14,7.96,QUERY,op1,,15,linear3,,35
p15,7.96,QUERY,op1,,15,linear3,,35
p16,7.96,INTERACTIVE,op1,,1,const,,55
p16,,,op2,op1,15,linear3,,37.5
p16,,,op3,op2,20,linear7,,30
p16,,,op4,op3,20,linear7,,30
p16,,,op5,op4,20,linear7,,30
p16,,,op6,op5,15,linear3,,37.5
p17,7.96,QUERY,op1,,15,linear3,,35
p18,7.96,INTERACTIVE,op1,,1,const,,55
p18,,,op2,op1,1,const,,55
p18,,,op3,op2,2,sqrt,,55
p19,7.96,BATCH_PIPELINE,op1,,1,const,,55
p19,,,op2,op1,40,linear7,,20
p19,,,op3,op2,5,linear3,,45
p19,,,op4,op3,20,linear7,,30
p19,,,op5,op4,2,sqrt,,55
p19,,,op6,op5,5,linear3,,45
p20,7.96,QUERY,op1,,15,linear3,,35
p21,16.198,INTERACTIVE,op1,,1,const,,55
p21,,,op2,op1,20,linear7,,30
p21,,,op3,op2,5,linear3,,45
p22,16.198,BATCH_PIPELINE,op1,,1,const,,55
p22,,,op2,,15,linear3,,37.5
p22,,,op3,,15,linear3,,37.5
p22,,,op4,,80,squared,,10
p22,,,op5,,5,linear3,,45
p22,,,op6,,2,sqrt,,55
p22,,,op7,,15,linear3,,37.5
p22,,,op8,op1;op2;op3;op4;op5;op6;op7,15,linear3,,37.5
p23,16.198,INTERACTIVE,op1,,1,const,,55
p23,,,op2,op1,80,squared,,10
p23,,,op3,op2,2,sqrt,,55
p23,,,op4,op3,5,linear3,,45
p23,,,op5,op4,2,sqrt,,55
p23,,,op6,op5,5,linear3,,45
p23,,,op7,op6,1,const,,55
p24,16.198,INTERACTIVE,op1,,1,const,,55
p24,,,op2,op1,2,sqrt,,55
p24,,,op3,op1,20,linear7,,30
p24,,,op4,op1,40,linear7,,20
p24,,,op5,op1,80,squared,,10
p25,16.198,INTERACTIVE,op1,,1,const,,55
p25,,,op2,op1,1,const,,55
p25,,,op3,op2,20,linear7,,30
p25,,,op4,op3,2,sqrt,,55
p25,,,op5,op4,5,linear3,,45
p25,,,op6,op5,5,linear3,,45
p26,16.198,QUERY,op1,,15,linear3,,35
p27,16.198,BATCH_PIPELINE,op1,,1,const,,55
p27,,,op2,op1,2,sqrt,,55
p27,,,op3,op2,1,const,,55
p27,,,op4,op3,5,linear3,,45
p27,,,op5,op4,15,linear3,,37.5
p27,,,op6,op5,80,squared,,10
p27,,,op7,op6,15,linear3,,37.5
p27,,,op8,op7,40,linear7,,20
p28,16.198,BATCH_PIPELINE,op1,,1,const,,55
p28,,,op2,op1,2,sqrt,,55
p28,,,op3,op2,80,squared,,10
p28,,,op4,op3,2,sqrt,,55
p28,,,op5,op4,20,linear7,,30
p29,16.198,QUERY,op1,,15,linear3,,35
p30,16.198,BATCH_PIPELINE,op1,,1,const,,55
p30,,,op2,op1,15,linear3,,37.5
p30,,,op3,op2,2,sqrt,,55
p30,,,op4,op3,20,linear7,,30
p30,,,op5,op4,5,linear3,,45
p30,,,op6,op5,1,const,,55
p30,,,op7,op6,1,const,,55
p30,,,op8,op7,15,linear3,,37.5
p31,28.751,BATCH_PIPELINE,op1,,1,const,,55
p31,,,op2,op1,40,linear7,,20
p31,,,op3,op2,15,linear3,,37.5
p31,,,op4,op3,5,linear3,,45
p31,,,op5,op4,40,linear7,,20
p31,,,op6,op5,20,linear7,,30
p31,,,op7,op6,80,squared,,10
p32,28.751,QUERY,op1,,15,linear3,,35
p33,28.751,BATCH_PIPELINE,op1,,1,const,,55
p33,,,op2,op1,80,squared,,10
p33,,,op3,op2,5,linear3,,45
p33,,,op4,op3,5,linear3,,45
p33,,,op5,op4,80,squared,,10
p34,28.751,BATCH_PIPELINE,op1,,1,const,,55
p34,,,op2,op1,20,linear7,,30
p34,,,op3,op2,5,linear3,,45
p34,,,op4,op3,15,linear3,,37.5
p34,,,op5,op4,5,linear3,,45
p34,,,op6,op5,15,linear3,,37.5
p34,,,op7,op6,80,squared,,10
p34,,,op8,op7,15,linear3,,37.5
p34,,,op9,op8,20,linear7,,30
p34,,,op10,op9,1,const,,55
p35,28.751,INTERACTIVE,op1,,1,const,,55
p35,,,op2,op1,2,sqrt,,55
p35,,,op3,op2,5,linear3,,45
p35,,,op4,op3,40,linear7,,20
p36,28.751,INTERACTIVE,op1,,1,const,,55
p36,,,op2,op1,20,linear7,,30
p36,,,op3,op2,5,linear3,,45
p36,,,op4,op3,5,linear3,,45
p36,,,op5,op4,40,linear7,,20
p36,,,op6,op5,20,linear7,,30
p37,28.751,BATCH_PIPELINE,op1,,1,const,,55
p37,,,op2,op1,5,linear3,,45
p37,,,op3,op1,15,linear3,,37.5
p37,,,op4,op1,15,linear3,,37.5
p37,,,op5,op1,2,sqrt,,55
p37,,,op6,op1,15,linear3,,37.5
p37,,,op7,op1,15,linear3,,37.5
p38,28.751,BATCH_PIPELINE,op1,,1,const,,55
p38,,,op2,op1,5,linear3,,45
p38,,,op3,op1,1,const,,55
p38,,,op4,op1,5,linear3,,45
p38,,,op5,op1,15,linear3,,37.5
p38,,,op6,op1,40,linear7,,20
p38,,,op7,op1,2,sqrt,,55
p38,,,op8,op1,2,sqrt,,55
p38,,,op9,op1,1,const,,55
p38,,,op10,op1,5,linear3,,45
p38,,,op11,op1,2,sqrt,,55
p39,28.751,BATCH_PIPELINE,op1,,1,const,,55
p39,,,op2,op1,2,sqrt,,55
p39,,,op3,op2,15,linear3,,37.5
p39,,,op4,op3,1,const,,55
p39,,,op5,op4,1,const,,55
p39,,,op6,op5,80,squared,,10
p39,,,op7,op6,1,const,,55
p39,,,op8,op7,2,sqrt,,55
p39,,,op9,op8,80,squared,,10
p39,,,op10,op9,80,squared,,10
p39,,,op11,op10,1,const,,55
p39,,,op12,op11,5,linear3,,45
p40,28.751,QUERY,op1,,15,linear3,,35
p41,41.641,QUERY,op1,,15,linear3,,35
p42,41.641,QUERY,op1,,15,linear3,,35
p43,41.641,BATCH_PIPELINE,op1,,1,const,,55
p43,,,op2,op1,5,linear3,,45
p43,,,op3,op2,1,const,,55
p43,,,op4,op3,5,linear3,,45
p43,,,op5,op4,5,linear3,,45
p43,,,op6,op5,15,linear3,,37.5
p43,,,op7,op6,5,linear3,,45
p43,,,op8,op7,20,linear7,,30
p44,41.641,INTERACTIVE,op1,,1,const,,55
p44,,,op2,op1,15,linear3,,37.5
p44,,,op3,op2,15,linear3,,37.5
p44,,,op4,op3,5,linear3,,45
p44,,,op5,op4,20,linear7,,30
p44,,,op6,op5,15,linear3,,37.5
p45,41.641,QUERY,op1,,15,linear3,,35
p46,41.641,INTERACTIVE,op1,,1,const,,55
p46,,,op2,op1,2,sqrt,,55
p46,,,op3,op2,40,linear7,,20
p46,,,op4,op3,20,linear7,,30
p46,,,op5,op4,20,linear7,,30
p46,,,op6,op5,1,const,,55
p47,41.641,BATCH_PIPELINE,op1,,1,const,,55
p47,,,op2,op1,5,linear3,,45
p47,,,op3,op1,15,linear3,,37.5
p47,,,op4,op1,15,linear3,,37.5
p47,,,op5,op1,5,linear3,,45
p47,,,op6,op1,5,linear3,,45
p47,,,op7,op1,5,linear3,,45
p47,,,op8,op1,15,linear3,,37.5
p48,41.641,BATCH_PIPELINE,op1,,1,const,,55
p48,,,op2,op1,15,linear3,,37.5
p49,41.641,QUERY,op1,,15,linear3,,35
p50,41.641,QUERY,op1,,15,linear3,,35
p51,46.689,INTERACTIVE,op1,,1,const,,55
p51,,,op2,op1,40,linear7,,20
p51,,,op3,op2,5,linear3,,45
p51,,,op4,op3,15,linear3,,37.5
p51,,,op5,op4,2,sqrt,,55
p51,,,op6,op5,5,linear3,,45
p51,,,op7,op6,80,squared,,10
p51,,,op8,op7,20,linear7,,30
p52,46.689,INTERACTIVE,op1,,1,const,,55
p52,,,op2,op1,80,squared,,10
p52,,,op3,op2,20,linear7,,30
p52,,,op4,op3,40,linear7,,20
p52,,,op5,op4,15,linear3,,37.5
p52,,,op6,op5,15,linear3,,37.5
p52,,,op7,op6,5,linear3,,45
p53,46.689,INTERACTIVE,op1,,1,const,,55
p53,,,op2,op1,15,linear3,,37.5
p53,,,op3,op2,40,linear7,,20
p53,,,op4,op3,40,linear7,,20
p54,46.689,INTERACTIVE,op1,,1,const,,55
p54,,,op2,op1,15,linear3,,37.5
p54,,,op3,op1,2,sqrt,,55
p54,,,op4,op1,5,linear3,,45
p54,,,op5,op1,80,squared,,10
p54,,,op6,op1,20,linear7,,30
p54,,,op7,op1,5,linear3,,45
p55,46.689,BATCH_PIPELINE,op1,,1,const,,55
p55,,,op2,op1,2,sqrt,,55
p55,,,op3,op2,15,linear3,,37.5
p55,,,op4,op3,40,linear7,,20
p55,,,op5,op4,20,linear7,,30
p55,,,op6,op5,1,const,,55
p55,,,op7,op6,15,linear3,,37.5
p55,,,op8,op7,15,linear3,,37.5
p56,46.689,INTERACTIVE,op1,,1,const,,55
p56,,,op2,op1,5,linear3,,45
p56,,,op3,op2,20,linear7,,30
p56,,,op4,op3,1,const,,55
p56,,,op5,op4,80,squared,,10
p56,,,op6,op5,20,linear7,,30
p56,,,op7,op6,40,linear7,,20
p56,,,op8,op7,5,linear3,,45
p57,46.689,INTERACTIVE,op1,,1,const,,55
p57,,,op2,op1,20,linear7,,30
p57,,,op3,op1,20,linear7,,30
p57,,,op4,op1,2,sqrt,,55
p57,,,op5,op1,15,linear3,,37.5
p57,,,op6,op1,15,linear3,,37.5
p57,,,op7,op1,20,linear7,,30
p58,46.689,BATCH_PIPELINE,op1,,1,const,,55
p58,,,op2,op1,80,squared,,10
p58,,,op3,op2,2,sqrt,,55
p58,,,op4,op3,2,sqrt,,55
p58,,,op5,op4,15,linear3,,37.5
p59,46.689,INTERACTIVE,op1,,1,const,,55
p59,,,op2,op1,40,linear7,,20
p59,,,op3,op1,40,linear7,,20
p59,,,op4,op1,20,linear7,,30
p59,,,op5,op1,80,squared,,10
p59,,,op6,op1,15,linear3,,37.5
p60,46.689,QUERY,op1,,15,linear3,,35
p61,59.299,INTERACTIVE,op1,,1,const,,55
p61,,,op2,op1,1,const,,55
p61,,,op3,op2,2,sqrt,,55
p61,,,op4,op3,1,const,,55
p61,,,op5,op4,5,linear3,,45
p61,,,op6,op5,20,linear7,,30
p62,59.299,BATCH_PIPELINE,op1,,1,const,,55
p62,,,op2,op1,1,const,,55
p62,,,op3,op2,15,linear3,,37.5
p62,,,op4,op3,5,linear3,,45
p62,,,op5,op4,20,linear7,,30
p62,,,op6,op5,20,linear7,,30
p62,,,op7,op6,15,linear3,,37.5
p62,,,op8,op7,20,linear7,,30
p63,59.299,BATCH_PIPELINE,op1,,1,const,,55
p63,,,op2,op1,5,linear3,,45
p63,,,op3,op2,15,linear3,,37.5
p63,,,op4,op3,20,linear7,,30
p63,,,op5,op4,5,linear3,,45
p63,,,op6,op5,20,linear7,,30
p63,,,op7,op6,5,linear3,,45
p63,,,op8,op7,5,linear3,,45
p63,,,op9,op8,20,linear7,,30
p64,59.299,INTERACTIVE,op1,,1,const,,55
p64,,,op2,op1,1,const,,55
p64,,,op3,op2,5,linear3,,45
p64,,,op4,op3,40,linear7,,20
p65,59.299,BATCH_PIPELINE,op1,,1,const,,55
p65,,,op2,op1,40,linear7,,20
p65,,,op3,op2,15,linear3,,37.5
p65,,,op4,op3,40,linear7,,20
p65,,,op5,op4,15,linear3,,37.5
p65,,,op6,op5,2,sqrt,,55
p65,,,op7,op6,5,linear3,,45
p65,,,op8,op7,1,const,,55
p66,59.299,QUERY,op1,,15,linear3,,35
p67,59.299,QUERY,op1,,15,linear3,,35
p68,59.299,INTERACTIVE,op1,,1,const,,55
p68,,,op2,op1,20,linear7,,30
p68,,,op3,op2,2,sqrt,,55
p68,,,op4,op3,20,linear7,,30
p68,,,op5,op4,15,linear3,,37.5
p68,,,op6,op5,1,const,,55
p68,,,op7,op6,40,linear7,,20
p68,,,op8,op7,5,linear3,,45
p69,59.299,QUERY,op1,,15,linear3,,35
p70,59.299,BATCH_PIPELINE,op1,,1,const,,55
p70,,,op2,,5,linear3,,45
p70,,,op3,,15,linear3,,37.5
p70,,,op4,,15,linear3,,37.5
p70,,,op5,,40,linear7,,20
p70,,,op6,op1;op2;op3;op4;op5,5,linear3,,45
p71,64.977,INTERACTIVE,op1,,1,const,,55
p71,,,op2,op1,20,linear7,,30
p71,,,op3,op1,15,linear3,,37.5
p71,,,op4,op1,20,linear7,,30
p71,,,op5,op1,80,squared,,10
p72,64.977,QUERY,op1,,15,linear3,,35
p73,64.977,QUERY,op1,,15,linear3,,35
p74,64.977,QUERY,op1,,15,linear3,,35
p75,64.977,QUERY,op1,,15,linear3,,35
p76,64.977,INTERACTIVE,op1,,1,const,,55
p76,,,op2,op1,20,linear7,,30
p76,,,op3,op2,2,sqrt,,55
p76,,,op4,op3,1,const,,55
p76,,,op5,op4,1,const,,55
p76,,,op6,op5,2,sqrt,,55
p77,64.977,QUERY,op1,,15,linear3,,35
p78,64.977,INTERACTIVE,op1,,1,const,,55
p78,,,op2,op1,2,sqrt,,55
p78,,,op3,op2,20,linear7,,30
p78,,,op4,op3,5,linear3,,45
p78,,,op5,op4,15,linear3,,37.5
p78,,,op6,op5,15,linear3,,37.5
p78,,,op7,op6,20,linear7,,30
p78,,,op8,op7,5,linear3,,45
p79,64.977,INTERACTIVE,op1,,1,const,,55
p79,,,op2,op1,80,squared,,10
p79,,,op3,op2,20,linear7,,30
p79,,,op4,op3,80,squared,,10
p80,64.977,BATCH_PIPELINE,op1,,1,const,,55
p80,,,op2,op1,5,linear3,,45
p80,,,op3,op2,2,sqrt,,55
p80,,,op4,op3,20,linear7,,30
p80,,,op5,op4,2,sqrt,,55
p80,,,op6,op5,20,linear7,,30
p80,,,op7,op6,40,linear7,,20
p80,,,op8,op7,15,linear3,,37.5
p80,,,op9,op8,5,linear3,,45
p81,74.999,QUERY,op1,,15,linear3,,35
p82,74.999,QUERY,op1,,15,linear3,,35
p83,74.999,INTERACTIVE,op1,,1,const,,55
p83,,,op2,,1,const,,55
p83,,,op3,,80,squared,,10
p83,,,op4,,40,linear7,,20
p83,,,op5,op1;op2;op3;op4,5,linear3,,45
p84,74.999,QUERY,op1,,15,linear3,,35
p85,74.999,QUERY,op1,,15,linear3,,35
p86,74.999,BATCH_PIPELINE,op1,,1,const,,55
p86,,,op2,,5,linear3,,45
p86,,,op3,,20,linear7,,30
p86,,,op4,,1,const,,55
p86,,,op5,,5,linear3,,45
p86,,,op6,,15,linear3,,37.5
p86,,,op7,,15,linear3,,37.5
p86,,,op8,,20,linear7,,30
p86,,,op9,,15,linear3,,37.5
p86,,,op10,,20,linear7,,30
p86,,,op11,,2,sqrt,,55
p86,,,op12,op1;op2;op3;op4;op5;op6;op7;op8;op9;op10;op11,20,linear7,,30
p87,74.999,BATCH_PIPELINE,op1,,1,const,,55
p87,,,op2,,40,linear7,,20
p87,,,op3,,5,linear3,,45
p87,,,op4,,80,squared,,10
p87,,,op5,,5,linear3,,45
p87,,,op6,op1;op2;op3;op4;op5,80,squared,,10
p88,74.999,INTERACTIVE,op1,,1,const,,55
p88,,,op2,op1,5,linear3,,45
p88,,,op3,op2,2,sqrt,,55
p88,,,op4,op3,5,linear3,,45
p88,,,op5,op4,20,linear7,,30
p88,,,op6,op5,1,const,,55
p89,74.999,QUERY,op1,,15,linear3,,35
p90,74.999,INTERACTIVE,op1,,1,const,,55
p90,,,op2,op1,5,linear3,,45
p90,,,op3,op2,1,const,,55
p90,,,op4,op3,2,sqrt,,55
p90,,,op5,op4,20,linear7,,30
p90,,,op6,op5,15,linear3,,37.5
p90,,,op7,op6,15,linear3,,37.5
p91,83.641,QUERY,op1,,15,linear3,,35
p92,83.641,QUERY,op1,,15,linear3,,35
p93,83.641,INTERACTIVE,op1,,1,const,,55
p93,,,op2,,20,linear7,,30
p93,,,op3,,20,linear7,,30
p93,,,op4,,80,squared,,10
p93,,,op5,,15,linear3,,37.5
p93,,,op6,op1;op2;op3;op4;op5,5,linear3,,45
p94,83.641,INTERACTIVE,op1,,1,const,,55
p94,,,op2,op1,2,sqrt,,55
p94,,,op3,op2,15,linear3,,37.5
p94,,,op4,op3,20,linear7,,30
p95,83.641,INTERACTIVE,op1,,1,const,,55
p95,,,op2,op1,40,linear7,,20
p95,,,op3,op2,15,linear3,,37.5
p95,,,op4,op3,5,linear3,,45
p96,83.641,INTERACTIVE,op1,,1,const,,55
p96,,,op2,op1,15,linear3,,37.5
p96,,,op3,op2,20,linear7,,30
p96,,,op4,op3,2,sqrt,,55
p96,,,op5,op4,15,linear3,,37.5
p96,,,op6,op5,1,const,,55
p97,83.641,INTERACTIVE,op1,,1,const,,55
p97,,,op2,,20,linear7,,30
p97,,,op3,,1,const,,55
p97,,,op4,,2,sqrt,,55
p97,,,op5,,15,linear3,,37.5
p97,,,op6,,2,sqrt,,55
p97,,,op7,op1;op2;op3;op4;op5;op6,40,linear7,,20
p98,83.641,INTERACTIVE,op1,,1,const,,55
p98,,,op2,op1,20,linear7,,30
p98,,,op3,op2,80,squared,,10
p98,,,op4,op3,2,sqrt,,55
p99,83.641,QUERY,op1,,15,linear3,,35
p100,83.641,INTERACTIVE,op1,,1,const,,55
p100,,,op2,op1,5,linear3,,45
p100,,,op3,op2,5,linear3,,45
p101,94.47,INTERACTIVE,op1,,1,const,,55
p101,,,op2,op1,5,linear3,,45
p101,,,op3,op2,80,squared,,10
p102,94.47,INTERACTIVE,op1,,1,const,,55
p102,,,op2,op1,40,linear7,,20
p102,,,op3,op1,20,linear7,,30
p102,,,op4,op1,1,const,,55
p102,,,op5,op1,20,linear7,,30
p103,94.47,QUERY,op1,,15,linear3,,35
p104,94.47,INTERACTIVE,op1,,1,const,,55
p104,,,op2,,2,sqrt,,55
p104,,,op3,op1;op2,2,sqrt,,55
p105,94.47,BATCH_PIPELINE,op1,,1,const,,55
p105,,,op2,op1,80,squared,,10
p105,,,op3,op2,5,linear3,,45
p105,,,op4,op3,15,linear3,,37.5
p105,,,op5,op4,15,linear3,,37.5
p105,,,op6,op5,2,sqrt,,55
p105,,,op7,op6,20,linear7,,30
p105,,,op8,op7,5,linear3,,45
p106,94.47,BATCH_PIPELINE,op1,,1,const,,55
p106,,,op2,op1,1,const,,55
p106,,,op3,op2,80,squared,,10
p106,,,op4,op3,80,squared,,10
p106,,,op5,op4,5,linear3,,45
p106,,,op6,op5,1,const,,55
p106,,,op7,op6,5,linear3,,45
p106,,,op8,op7,5,linear3,,45
p106,,,op9,op8,5,linear3,,45
p106,,,op10,op9,1,const,,55
p107,94.47,QUERY,op1,,15,linear3,,35
p108,94.47,QUERY,op1,,15,linear3,,35
p109,94.47,INTERACTIVE,op1,,1,const,,55
p109,,,op2,op1,15,linear3,,37.5
p109,,,op3,op1,5,linear3,,45
p109,,,op4,op1,15,linear3,,37.5
p109,,,op5,op1,20,linear7,,30
p109,,,op6,op1,1,const,,55
p109,,,op7,op1,15,linear3,,37.5
p110,94.47,BATCH_PIPELINE,op1,,1,const,,55
p110,,,op2,op1,80,squared,,10
p110,,,op3,op2,1,const,,55
p110,,,op4,op3,20,linear7,,30
p110,,,op5,op4,15,linear3,,37.5
p110,,,op6,op5,2,sqrt,,55
p110,,,op7,op6,15,linear3,,37.5
p110,,,op8,op7,40,linear7,,20
p110,,,op9,op8,5,linear3,,45
p110,,,op10,op9,1,const,,55
p110,,,op11,op10,15,linear3,,37.5
p111,101.44,QUERY,op1,,15,linear3,,35
p112,101.44,BATCH_PIPELINE,op1,,1,const,,55
p112,,,op2,op1,20,linear7,,30
p112,,,op3,op2,5,linear3,,45
p112,,,op4,op3,1,const,,55
p113,101.44,INTERACTIVE,op1,,1,const,,55
p113,,,op2,op1,1,const,,55
p113,,,op3,op2,40,linear7,,20
p113,,,op4,op3,20,linear7,,30
p113,,,op5,op4,80,squared,,10
p113,,,op6,op5,20,linear7,,30
p114,101.44,INTERACTIVE,op1,,1,const,,55
p114,,,op2,op1,20,linear7,,30
p114,,,op3,op2,80,squared,,10
p114,,,op4,op3,5,linear3,,45
p114,,,op5,op4,5,linear3,,45
p115,101.44,QUERY,op1,,15,linear3,,35
p116,101.44,INTERACTIVE,op1,,1,const,,55
p116,,,op2,op1,5,linear3,,45
p116,,,op3,op2,20,linear7,,30
p116,,,op4,op3,15,linear3,,37.5
p116,,,op5,op4,40,linear7,,20
p116,,,op6,op5,1,const,,55
p116,,,op7,op6,2,sqrt,,55
p116,,,op8,op7,5,linear3,,45
p117,101.44,QUERY,op1,,15,linear3,,35
p118,101.44,QUERY,op1,,15,linear3,,35
p119,101.44,INTERACTIVE,op1,,1,const,,55
p119,,,op2,op1,15,linear3,,37.5
p119,,,op3,op2,2,sqrt,,55
p119,,,op4,op3,15,linear3,,37.5
p119,,,op5,op4,40,linear7,,20
p120,101.44,INTERACTIVE,op1,,1,const,,55
p120,,,op2,op1,15,linear3,,37.5
p120,,,op3,op2,20,linear7,,30
p120,,,op4,op3,15,linear3,,37.5
p121,112.019,BATCH_PIPELINE,op1,,1,const,,55
p121,,,op2,op1,1,const,,55
p121,,,op3,op2,1,const,,55
p121,,,op4,op3,20,linear7,,30
p121,,,op5,op4,5,linear3,,45
p121,,,op6,op5,2,sqrt,,55
p121,,,op7,op6,15,linear3,,37.5
p122,112.019,QUERY,op1,,15,linear3,,35
p123,112.019,QUERY,op1,,15,linear3,,35
p124,112.019,INTERACTIVE,op1,,1,const,,55
p124,,,op2,op1,20,linear7,,30
p124,,,op3,op2,40,linear7,,20
p124,,,op4,op3,2,sqrt,,55
p125,112.019,INTERACTIVE,op1,,1,const,,55
p125,,,op2,op1,20,linear7,,30
p125,,,op3,op2,15,linear3,,37.5
p125,,,op4,op3,20,linear7,,30
p125,,,op5,op4,15,linear3,,37.5
p125,,,op6,op5,40,linear7,,20
p126,112.019,QUERY,op1,,15,linear3,,35
p127,112.019,QUERY,op1,,15,linear3,,35
p128,112.019,INTERACTIVE,op1,,1,const,,55
p128,,,op2,op1,2,sqrt,,55
p128,,,op3,op2,1,const,,55
p128,,,op4,op3,15,linear3,,37.5
p128,,,op5,op4,40,linear7,,20
p128,,,op6,op5,80,squared,,10
p128,,,op7,op6,20,linear7,,30
p129,112.019,INTERACTIVE,op1,,1,const,,55
p129,,,op2,op1,15,linear3,,37.5
p129,,,op3,op2,2,sqrt,,55
p129,,,op4,op3,80,squared,,10
p130,112.019,BATCH_PIPELINE,op1,,1,const,,55
p130,,,op2,,20,linear7,,30
p130,,,op3,,20,linear7,,30
p130,,,op4,,20,linear7,,30
p130,,,op5,,40,linear7,,20
p130,,,op6,,20,linear7,,30
p130,,,op7,,20,linear7,,30
p130,,,op8,,20,linear7,,30
p130,,,op9,,15,linear3,,37.5
p130,,,op10,op1;op2;op3;op4;op5;op6;op7;op8;op9,1,const,,55
p131,121.208,QUERY,op1,,15,linear3,,35
p132,121.208,INTERACTIVE,op1,,1,const,,55
p132,,,op2,,80,squared,,10
p132,,,op3,,20,linear7,,30
p132,,,op4,,80,squared,,10
p132,,,op5,,15,linear3,,37.5
p132,,,op6,,20,linear7,,30
p132,,,op7,,2,sqrt,,55
p132,,,op8,op1;op2;op3;op4;op5;op6;op7,20,linear7,,30
p133,121.208,INTERACTIVE,op1,,1,const,,55
p133,,,op2,op1,15,linear3,,37.5
p133,,,op3,op2,80,squared,,10
p133,,,op4,op3,40,linear7,,20
p134,121.208,QUERY,op1,,15,linear3,,35
p135,121.208,BATCH_PIPELINE,op1,,1,const,,55
p135,,,op2,op1,2,sqrt,,55
p135,,,op3,op2,5,linear3,,45
p135,,,op4,op3,2,sqrt,,55
p135,,,op5,op4,1,const,,55
p135,,,op6,op5,20,linear7,,30
p135,,,op7,op6,15,linear3,,37.5
p135,,,op8,op7,1,const,,55
p136,121.208,QUERY,op1,,15,linear3,,35
p137,121.208,INTERACTIVE,op1,,1,const,,55
p137,,,op2,op1,15,linear3,,37.5
p137,,,op3,op1,2,sqrt,,55
p137,,,op4,op1,2,sqrt,,55
p137,,,op5,op1,20,linear7,,30
p137,,,op6,op1,20,linear7,,30
p137,,,op7,op1,80,squared,,10
p138,121.208,INTERACTIVE,op1,,1,const,,55
p138,,,op2,op1,5,linear3,,45
p138,,,op3,op1,20,linear7,,30
p138,,,op4,op1,15,linear3,,37.5
p138,,,op5,op1,5,linear3,,45
p139,121.208,INTERACTIVE,op1,,1,const,,55
p139,,,op2,op1,20,linear7,,30
p139,,,op3,op2,5,linear3,,45
p139,,,op4,op3,20,linear7,,30
p139,,,op5,op4,20,linear7,,30
p140,121.208,BATCH_PIPELINE,op1,,1,const,,55
p140,,,op2,op1,1,const,,55
p140,,,op3,op2,1,const,,55
p140,,,op4,op3,1,const,,55
p140,,,op5,op4,15,linear3,,37.5
p140,,,op6,op5,15,linear3,,37.5
p140,,,op7,op6,5,linear3,,45
p141,132.94,INTERACTIVE,op1,,1,const,,55
p141,,,op2,op1,2,sqrt,,55
p141,,,op3,op2,5,linear3,,45
p141,,,op4,op3,5,linear3,,45
p141,,,op5,op4,2,sqrt,,55
p141,,,op6,op5,5,linear3,,45
p142,132.94,QUERY,op1,,15,linear3,,35
p143,132.94,INTERACTIVE,op1,,1,const,,55
p143,,,op2,op1,15,linear3,,37.5
p143,,,op3,op1,80,squared,,10
p143,,,op4,op1,15,linear3,,37.5
p143,,,op5,op1,15,linear3,,37.5
p144,132.94,QUERY,op1,,15,linear3,,35
p145,132.94,INTERACTIVE,op1,,1,const,,55
p145,,,op2,op1,40,linear7,,20
p145,,,op3,op2,5,linear3,,45
p145,,,op4,op3,5,linear3,,45
p145,,,op5,op4,40,linear7,,20
p145,,,op6,op5,15,linear3,,37.5
p145,,,op7,op6,20,linear7,,30
p146,132.94,QUERY,op1,,15,linear3,,35
p147,132.94,QUERY,op1,,15,linear3,,35
p148,132.94,INTERACTIVE,op1,,1,const,,55
p148,,,op2,op1,2,sqrt,,55
p148,,,op3,op1,1,const,,55
p149,132.94,INTERACTIVE,op1,,1,const,,55
p149,,,op2,op1,40,linear7,,20
p149,,,op3,op2,1,const,,55
p149,,,op4,op3,5,linear3,,45
p149,,,op5,op4,5,linear3,,45
p149,,,op6,op5,15,linear3,,37.5
p150,132.94,QUERY,op1,,15,linear3,,35
p151,139.673,BATCH_PIPELINE,op1,,1,const,,55
p151,,,op2,op1,1,const,,55
p151,,,op3,op2,15,linear3,,37.5
p151,,,op4,op3,5,linear3,,45
p151,,,op5,op4,5,linear3,,45
p151,,,op6,op5,15,linear3,,37.5
p151,,,op7,op6,15,linear3,,37.5
p151,,,op8,op7,40,linear7,,20
p152,139.673,BATCH_PIPELINE,op1,,1,const,,55
p152,,,op2,op1,15,linear3,,37.5
p152,,,op3,op2,40,linear7,,20
p152,,,op4,op3,5,linear3,,45
p152,,,op5,op4,1,const,,55
p153,139.673,BATCH_PIPELINE,op1,,1,const,,55
p153,,,op2,op1,5,linear3,,45
p153,,,op3,op2,15,linear3,,37.5
p153,,,op4,op3,5,linear3,,45
p153,,,op5,op4,40,linear7,,20
p153,,,op6,op5,2,sqrt,,55
p154,139.673,INTERACTIVE,op1,,1,const,,55
p154,,,op2,op1,20,linear7,,30
p154,,,op3,op2,15,linear3,,37.5
p154,,,op4,op3,15,linear3,,37.5
p154,,,op5,op4,80,squared,,10
p154,,,op6,op5,5,linear3,,45
p155,139.673,QUERY,op1,,15,linear3,,35
p156,139.673,BATCH_PIPELINE,op1,,1,const,,55
p156,,,op2,op1,2,sqrt,,55
p156,,,op3,op2,2,sqrt,,55
p156,,,op4,op3,15,linear3,,37.5
p156,,,op5,op4,20,linear7,,30
p157,139.673,QUERY,op1,,15,linear3,,35
p158,139.673,INTERACTIVE,op1,,1,const,,55
p158,,,op2,op1,2,sqrt,,55
p158,,,op3,op1,20,linear7,,30
p158,,,op4,op1,80,squared,,10
p158,,,op5,op1,1,const,,55
p158,,,op6,op1,5,linear3,,45
p158,,,op7,op1,2,sqrt,,55
p159,139.673,BATCH_PIPELINE,op1,,1,const,,55
p159,,,op2,op1,80,squared,,10
p159,,,op3,op2,5,linear3,,45
p159,,,op4,op3,20,linear7,,30
p159,,,op5,op4,5,linear3,,45
p159,,,op6,op5,15,linear3,,37.5
p160,139.673,QUERY,op1,,15,linear3,,35
p161,149.68200000000002,INTERACTIVE,op1,,1,const,,55
p161,,,op2,op1,20,linear7,,30
p161,,,op3,op2,2,sqrt,,55
p161,,,op4,op3,15,linear3,,37.5
p161,,,op5,op4,40,linear7,,20
p161,,,op6,op5,40,linear7,,20
p161,,,op7,op6,20,linear7,,30
p161,,,op8,op7,40,linear7,,20
p162,149.68200000000002,INTERACTIVE,op1,,1,const,,55
p162,,,op2,op1,5,linear3,,45
p162,,,op3,op2,20,linear7,,30
p162,,,op4,op3,1,const,,55
p162,,,op5,op4,20,linear7,,30
p162,,,op6,op5,1,const,,55
p162,,,op7,op6,1,const,,55
p163,149.68200000000002,QUERY,op1,,15,linear3,,35
p164,149.68200000000002,BATCH_PIPELINE,op1,,1,const,,55
p164,,,op2,op1,40,linear7,,20
p164,,,op3,op2,5,linear3,,45
p164,,,op4,op3,80,squared,,10
p164,,,op5,op4,15,linear3,,37.5
p165,149.68200000000002,INTERACTIVE,op1,,1,const,,55
p165,,,op2,op1,2,sqrt,,55
p165,,,op3,op1,15,linear3,,37.5
p165,,,op4,op1,15,linear3,,37.5
p165,,,op5,op1,1,const,,55
p165,,,op6,op1,15,linear3,,37.5
p165,,,op7,op1,5,linear3,,45
p165,,,op8,op1,40,linear7,,20
p166,149.68200000000002,QUERY,op1,,15,linear3,,35
p167,149.68200000000002,QUERY,op1,,15,linear3,,35
p168,149.68200000000002,INTERACTIVE,op1,,1,const,,55
p168,,,op2,op1,2,sqrt,,55
p168,,,op3,op1,2,sqrt,,55
p168,,,op4,op1,40,linear7,,20
p168,,,op5,op1,5,linear3,,45
p168,,,op6,op1,1,const,,55
p169,149.68200000000002,INTERACTIVE,op1,,1,const,,55
p169,,,op2,op1,20,linear7,,30
p169,,,op3,op2,40,linear7,,20
p169,,,op4,op3,20,linear7,,30
p169,,,op5,op4,20,linear7,,30
p169,,,op6,op5,1,const,,55
p170,149.68200000000002,BATCH_PIPELINE,op1,,1,const,,55
p170,,,op2,op1,20,linear7,,30
p170,,,op3,op2,80,squared,,10
p170,,,op4,op3,80,squared,,10
p170,,,op5,op4,40,linear7,,20
p170,,,op6,op5,5,linear3,,45
p170,,,op7,op6,15,linear3,,37.5
p171,160.40800000000002,INTERACTIVE,op1,,1,const,,55
p171,,,op2,op1,15,linear3,,37.5
p171,,,op3,op2,5,linear3,,45
p171,,,op4,op3,5,linear3,,45
p171,,,op5,op4,20,linear7,,30
p171,,,op6,op5,15,linear3,,37.5
p172,160.40800000000002,QUERY,op1,,15,linear3,,35
p173,160.40800000000002,INTERACTIVE,op1,,1,const,,55
p173,,,op2,op1,20,linear7,,30
p173,,,op3,op2,2,sqrt,,55
p173,,,op4,op3,80,squared,,10
p173,,,op5,op4,5,linear3,,45
p174,160.40800000000002,BATCH_PIPELINE,op1,,1,const,,55
p174,,,op2,op1,15,linear3,,37.5
p174,,,op3,op2,5,linear3,,45
p174,,,op4,op3,5,linear3,,45
p174,,,op5,op4,20,linear7,,30
p175,160.40800000000002,INTERACTIVE,op1,,1,const,,55
p175,,,op2,op1,20,linear7,,30
p175,,,op3,op2,1,const,,55
p175,,,op4,op3,5,linear3,,45
p175,,,op5,op4,1,const,,55
p175,,,op6,op5,15,linear3,,37.5
p176,160.40800000000002,INTERACTIVE,op1,,1,const,,55
p176,,,op2,op1,20,linear7,,30
p176,,,op3,op1,5,linear3,,45
p176,,,op4,op1,20,linear7,,30
p176,,,op5,op1,5,linear3,,45
p176,,,op6,op1,15,linear3,,37.5
p176,,,op7,op1,40,linear7,,20
p177,160.40800000000002,INTERACTIVE,op1,,1,const,,55
p177,,,op2,op1,2,sqrt,,55
p177,,,op3,op1,40,linear7,,20
p177,,,op4,op1,20,linear7,,30
p177,,,op5,op1,15,linear3,,37.5
p177,,,op6,op1,5,linear3,,45
p177,,,op7,op1,2,sqrt,,55
p178,160.40800000000002,BATCH_PIPELINE,op1,,1,const,,55
p178,,,op2,,20,linear7,,30
p178,,,op3,,1,const,,55
p178,,,op4,,5,linear3,,45
p178,,,op5,,15,linear3,,37.5
p178,,,op6,,80,squared,,10
p178,,,op7,,1,const,,55
p178,,,op8,,80,squared,,10
p178,,,op9,op1;op2;op3;op4;op5;op6;op7;op8,15,linear3,,37.5
p179,160.40800000000002,QUERY,op1,,15,linear3,,35
p180,160.40800000000002,QUERY,op1,,15,linear3,,35
p181,170.409,INTERACTIVE,op1,,1,const,,55
p181,,,op2,,40,linear7,,20
p181,,,op3,,5,linear3,,45
p181,,,op4,,15,linear3,,37.5
p181,,,op5,,2,sqrt,,55
p181,,,op6,,20,linear7,,30
p181,,,op7,,80,squared,,10
p181,,,op8,op1;op2;op3;op4;op5;op6;op7,15,linear3,,37.5
p182,170.409,INTERACTIVE,op1,,1,const,,55
p182,,,op2,op1,1,const,,55
p182,,,op3,op2,2,sqrt,,55
p182,,,op4,op3,20,linear7,,30
p183,170.409,INTERACTIVE,op1,,1,const,,55
p183,,,op2,op1,80,squared,,10
p183,,,op3,op1,20,linear7,,30
p183,,,op4,op1,15,linear3,,37.5
p183,,,op5,op1,20,linear7,,30
p183,,,op6,op1,15,linear3,,37.5
p183,,,op7,op1,15,linear3,,37.5
p183,,,op8,op1,5,linear3,,45
p183,,,op9,op1,1,const,,55
p183,,,op10,op1,1,const,,55
p184,170.409,QUERY,op1,,15,linear3,,35
p185,170.409,INTERACTIVE,op1,,1,const,,55
p185,,,op2,op1,40,linear7,,20
p185,,,op3,op2,15,linear3,,37.5
p185,,,op4,op3,5,linear3,,45
p185,,,op5,op4,80,squared,,10
p186,170.409,QUERY,op1,,15,linear3,,35
p187,170.409,INTERACTIVE,op1,,1,const,,55
p187,,,op2,op1,40,linear7,,20
p187,,,op3,op2,20,linear7,,30
p187,,,op4,op3,20,linear7,,30
p187,,,op5,op4,20,linear7,,30
p187,,,op6,op5,2,sqrt,,55
p187,,,op7,op6,40,linear7,,20
p188,170.409,BATCH_PIPELINE,op1,,1,const,,55
p188,,,op2,op1,20,linear7,,30
p188,,,op3,op2,80,squared,,10
p188,,,op4,op3,5,linear3,,45
p188,,,op5,op4,1,const,,55
p188,,,op6,op5,5,linear3,,45
p189,170.409,QUERY,op1,,15,linear3,,35
p190,170.409,BATCH_PIPELINE,op1,,1,const,,55
p190,,,op2,op1,15,linear3,,37.5
p190,,,op3,op2,2,sqrt,,55
p190,,,op4,op3,20,linear7,,30
p190,,,op5,op4,15,linear3,,37.5
p190,,,op6,op5,2,sqrt,,55
p190,,,op7,op6,5,linear3,,45
p190,,,op8,op7,5,linear3,,45
p190,,,op9,op8,5,linear3,,45
p190,,,op10,op9,80,squared,,10
p191,179.18800000000002,QUERY,op1,,15,linear3,,35
p192,179.18800000000002,BATCH_PIPELINE,op1,,1,const,,55
p192,,,op2,op1,2,sqrt,,55
p192,,,op3,op2,40,linear7,,20
p192,,,op4,op3,5,linear3,,45
p192,,,op5,op4,40,linear7,,20
p192,,,op6,op5,15,linear3,,37.5
p193,179.18800000000002,INTERACTIVE,op1,,1,const,,55
p193,,,op2,,80,squared,,10
p193,,,op3,,1,const,,55
p193,,,op4,,1,const,,55
p193,,,op5,op1;op2;op3;op4,5,linear3,,45
p194,179.18800000000002,INTERACTIVE,op1,,1,const,,55
p194,,,op2,op1,5,linear3,,45
p194,,,op3,op2,40,linear7,,20
p194,,,op4,op3,40,linear7,,20
p194,,,op5,op4,15,linear3,,37.5
p194,,,op6,op5,40,linear7,,20
p194,,,op7,op6,20,linear7,,30
p195,179.18800000000002,INTERACTIVE,op1,,1,const,,55
p195,,,op2,op1,15,linear3,,37.5
p195,,,op3,op2,80,squared,,10
p195,,,op4,op3,1,const,,55
p195,,,op5,op4,1,const,,55
p195,,,op6,op5,2,sqrt,,55
p195,,,op7,op6,5,linear3,,45
p196,179.18800000000002,QUERY,op1,,15,linear3,,35
p197,179.18800000000002,INTERACTIVE,op1,,1,const,,55
p197,,,op2,op1,80,squared,,10
p197,,,op3,op2,80,squared,,10
p197,,,op4,op3,5,linear3,,45
p198,179.18800000000002,QUERY,op1,,15,linear3,,35
p199,179.18800000000002,INTERACTIVE,op1,,1,const,,55
p199,,,op2,op1,2,sqrt,,55
p199,,,op3,op2,15,linear3,,37.5
p200,179.18800000000002,BATCH_PIPELINE,op1,,1,const,,55
p200,,,op2,op1,15,linear3,,37.5
p200,,,op3,op2,20,linear7,,30
p200,,,op4,op3,1,const,,55
p200,,,op5,op4,20,linear7,,30
p200,,,op6,op5,2,sqrt,,55
p201,189.612,QUERY,op1,,15,linear3,,35
p202,189.612,QUERY,op1,,15,linear3,,35
p203,189.612,BATCH_PIPELINE,op1,,1,const,,55
p203,,,op2,op1,5,linear3,,45
p203,,,op3,op2,80,squared,,10
p203,,,op4,op3,40,linear7,,20
p203,,,op5,op4,5,linear3,,45
p203,,,op6,op5,20,linear7,,30
p203,,,op7,op6,80,squared,,10
p203,,,op8,op7,80,squared,,10
p204,189.612,QUERY,op1,,15,linear3,,35
p205,189.612,INTERACTIVE,op1,,1,const,,55
p205,,,op2,op1,1,const,,55
p205,,,op3,op2,5,linear3,,45
p205,,,op4,op3,20,linear7,,30
p205,,,op5,op4,15,linear3,,37.5
p205,,,op6,op5,5,linear3,,45
p205,,,op7,op6,5,linear3,,45
p205,,,op8,op7,5,linear3,,45
p206,189.612,QUERY,op1,,15,linear3,,35
p207,189.612,QUERY,op1,,15,linear3,,35
p208,189.612,QUERY,op1,,15,linear3,,35
p209,189.612,INTERACTIVE,op1,,1,const,,55
p209,,,op2,op1,5,linear3,,45
p209,,,op3,op1,1,const,,55
p209,,,op4,op1,1,const,,55
p209,,,op5,op1,1,const,,55
p210,189.612,INTERACTIVE,op1,,1,const,,55
p210,,,op2,op1,15,linear3,,37.5
p210,,,op3,op1,80,squared,,10
p210,,,op4,op1,20,linear7,,30
p211,200.373,QUERY,op1,,15,linear3,,35
p212,200.373,INTERACTIVE,op1,,1,const,,55
p212,,,op2,op1,20,linear7,,30
p212,,,op3,op1,20,linear7,,30
p212,,,op4,op1,5,linear3,,45
p212,,,op5,op1,2,sqrt,,55
p212,,,op6,op1,2,sqrt,,55
p212,,,op7,op1,15,linear3,,37.5
p213,200.373,QUERY,op1,,15,linear3,,35
p214,200.373,INTERACTIVE,op1,,1,const,,55
p214,,,op2,op1,20,linear7,,30
p214,,,op3,op2,80,squared,,10
p214,,,op4,op3,80,squared,,10
p214,,,op5,op4,2,sqrt,,55
p214,,,op6,op5,80,squared,,10
p215,200.373,INTERACTIVE,op1,,1,const,,55
p215,,,op2,op1,5,linear3,,45
p215,,,op3,op2,1,const,,55
p215,,,op4,op3,15,linear3,,37.5
p215,,,op5,op4,1,const,,55
p215,,,op6,op5,40,linear7,,20
p215,,,op7,op6,80,squared,,10
p216,200.373,INTERACTIVE,op1,,1,const,,55
p216,,,op2,op1,5,linear3,,45
p216,,,op3,op2,40,linear7,,20
p216,,,op4,op3,15,linear3,,37.5
p216,,,op5,op4,80,squared,,10
p216,,,op6,op5,5,linear3,,45
p217,200.373,INTERACTIVE,op1,,1,const,,55
p217,,,op2,op1,5,linear3,,45
p217,,,op3,op2,15,linear3,,37.5
p217,,,op4,op3,15,linear3,,37.5
p217,,,op5,op4,2,sqrt,,55
p217,,,op6,op5,20,linear7,,30
p218,200.373,INTERACTIVE,op1,,1,const,,55
p218,,,op2,op1,80,squared,,10
p218,,,op3,op2,5,linear3,,45
p218,,,op4,op3,20,linear7,,30
p218,,,op5,op4,5,linear3,,45
p218,,,op6,op5,15,linear3,,37.5
p219,200.373,QUERY,op1,,15,linear3,,35
p220,200.373,INTERACTIVE,op1,,1,const,,55
p220,,,op2,op1,40,linear7,,20
p220,,,op3,op2,1,const,,55
p220,,,op4,op3,1,const,,55
p220,,,op5,op4,40,linear7,,20
p220,,,op6,op5,15,linear3,,37.5
p221,209.937,QUERY,op1,,15,linear3,,35
p222,209.937,BATCH_PIPELINE,op1,,1,const,,55
p222,,,op2,op1,15,linear3,,37.5
p222,,,op3,op2,5,linear3,,45
p222,,,op4,op3,5,linear3,,45
p222,,,op5,op4,1,const,,55
p222,,,op6,op5,15,linear3,,37.5
p222,,,op7,op6,20,linear7,,30
p222,,,op8,op7,1,const,,55
p222,,,op9,op8,2,sqrt,,55
p222,,,op10,op9,1,const,,55
p222,,,op11,op10,2,sqrt,,55
p222,,,op12,op11,15,linear3,,37.5
p223,209.937,QUERY,op1,,15,linear3,,35
p224,209.937,QUERY,op1,,15,linear3,,35
p225,209.937,BATCH_PIPELINE,op1,,1,const,,55
p225,,,op2,op1,1,const,,55
p225,,,op3,op2,2,sqrt,,55
p225,,,op4,op3,40,linear7,,20
p225,,,op5,op4,1,const,,55
p225,,,op6,op5,5,linear3,,45
p225,,,op7,op6,1,const,,55
p225,,,op8,op7,20,linear7,,30
p225,,,op9,op8,2,sqrt,,55
p226,209.937,QUERY,op1,,15,linear3,,35
p227,209.937,QUERY,op1,,15,linear3,,35
p228,209.937,BATCH_PIPELINE,op1,,1,const,,55
p228,,,op2,op1,1,const,,55
p228,,,op3,op2,40,linear7,,20
p228,,,op4,op3,2,sqrt,,55
p228,,,op5,op4,5,linear3,,45
p228,,,op6,op5,15,linear3,,37.5
p228,,,op7,op6,1,const,,55
p229,209.937,QUERY,op1,,15,linear3,,35
p230,209.937,INTERACTIVE,op1,,1,const,,55
p230,,,op2,op1,15,linear3,,37.5
p230,,,op3,op2,40,linear7,,20
p230,,,op4,op3,1,const,,55
p230,,,op5,op4,2,sqrt,,55
p230,,,op6,op5,40,linear7,,20
p231,219.54500000000002,BATCH_PIPELINE,op1,,1,const,,55
p231,,,op2,op1,20,linear7,,30
p231,,,op3,op2,80,squared,,10
p231,,,op4,op3,5,linear3,,45
p231,,,op5,op4,2,sqrt,,55
p231,,,op6,op5,20,linear7,,30
p231,,,op7,op6,20,linear7,,30
p231,,,op8,op7,5,linear3,,45
p231,,,op9,op8,2,sqrt,,55
p231,,,op10,op9,80,squared,,10
p231,,,op11,op10,15,linear3,,37.5
p232,219.54500000000002,INTERACTIVE,op1,,1,const,,55
p232,,,op2,op1,15,linear3,,37.5
p232,,,op3,op1,20,linear7,,30
p232,,,op4,op1,2,sqrt,,55
p232,,,op5,op1,20,linear7,,30
p232,,,op6,op1,80,squared,,10
p232,,,op7,op1,20,linear7,,30
p233,219.54500000000002,INTERACTIVE,op1,,1,const,,55
p233,,,op2,op1,15,linear3,,37.5
p233,,,op3,op2,5,linear3,,45
p233,,,op4,op3,40,linear7,,20
p233,,,op5,op4,1,const,,55
p234,219.54500000000002,QUERY,op1,,15,linear3,,35
p235,219.54500000000002,QUERY,op1,,15,linear3,,35
p236,219.54500000000002,QUERY,op1,,15,linear3,,35
p237,219.54500000000002,BATCH_PIPELINE,op1,,1,const,,55
p237,,,op2,op1,40,linear7,,20
p237,,,op3,op1,1,const,,55
p237,,,op4,op1,20,linear7,,30
p237,,,op5,op1,20,linear7,,30
p237,,,op6,op1,1,const,,55
p237,,,op7,op1,15,linear3,,37.5
p237,,,op8,op1,15,linear3,,37.5
p237,,,op9,op1,20,linear7,,30
p237,,,op10,op1,15,linear3,,37.5
p238,219.54500000000002,BATCH_PIPELINE,op1,,1,const,,55
p238,,,op2,,1,const,,55
p238,,,op3,,5,linear3,,45
p238,,,op4,,5,linear3,,45
p238,,,op5,,1,const,,55
p238,,,op6,,15,linear3,,37.5
p238,,,op7,,40,linear7,,20
p238,,,op8,,2,sqrt,,55
p238,,,op9,,15,linear3,,37.5
p238,,,op10,op1;op2;op3;op4;op5;op6;op7;op8;op9,2,sqrt,,55
p239,219.54500000000002,BATCH_PIPELINE,op1,,1,const,,55
p239,,,op2,op1,20,linear7,,30
p239,,,op3,op2,1,const,,55
p239,,,op4,op3,80,squared,,10
p239,,,op5,op4,20,linear7,,30
p239,,,op6,op5,5,linear3,,45
p239,,,op7,op6,20,linear7,,30
p239,,,op8,op7,1,const,,55
p239,,,op9,op8,40,linear7,,20
p239,,,op10,op9,5,linear3,,45
p240,219.54500000000002,QUERY,op1,,15,linear3,,35
p241,227.439,QUERY,op1,,15,linear3,,35
p242,227.439,INTERACTIVE,op1,,1,const,,55
p242,,,op2,op1,15,linear3,,37.5
p242,,,op3,op2,20,linear7,,30
p242,,,op4,op3,5,linear3,,45
p242,,,op5,op4,80,squared,,10
p242,,,op6,op5,1,const,,55
p243,227.439,BATCH_PIPELINE,op1,,1,const,,55
p243,,,op2,op1,80,squared,,10
p243,,,op3,op2,40,linear7,,20
p243,,,op4,op3,40,linear7,,20
p243,,,op5,op4,15,linear3,,37.5
p243,,,op6,op5,5,linear3,,45
p243,,,op7,op6,5,linear3,,45
p243,,,op8,op7,15,linear3,,37.5
p243,,,op9,op8,80,squared,,10
p243,,,op10,op9,15,linear3,,37.5
p244,227.439,INTERACTIVE,op1,,1,const,,55
p244,,,op2,op1,20,linear7,,30
p244,,,op3,op2,40,linear7,,20
p244,,,op4,op3,15,linear3,,37.5
p244,,,op5,op4,2,sqrt,,55
p244,,,op6,op5,2,sqrt,,55
p244,,,op7,op6,1,const,,55
p245,227.439,INTERACTIVE,op1,,1,const,,55
p245,,,op2,op1,1,const,,55
p245,,,op3,op2,2,sqrt,,55
p245,,,op4,op3,40,linear7,,20
p245,,,op5,op4,5,linear3,,45
p246,227.439,QUERY,op1,,15,linear3,,35
p247,227.439,INTERACTIVE,op1,,1,const,,55
p247,,,op2,op1,20,linear7,,30
p247,,,op3,op2,80,squared,,10
p247,,,op4,op3,80,squared,,10
p247,,,op5,op4,5,linear3,,45
p247,,,op6,op5,5,linear3,,45
p247,,,op7,op6,5,linear3,,45
p247,,,op8,op7,20,linear7,,30
p248,227.439,INTERACTIVE,op1,,1,const,,55
p248,,,op2,op1,15,linear3,,37.5
p248,,,op3,op2,80,squared,,10
p248,,,op4,op3,15,linear3,,37.5
p248,,,op5,op4,80,squared,,10
p249,227.439,INTERACTIVE,op1,,1,const,,55
p249,,,op2,op1,2,sqrt,,55
p249,,,op3,op1,20,linear7,,30
p249,,,op4,op1,40,linear7,,20
p249,,,op5,op1,15,linear3,,37.5
p249,,,op6,op1,2,sqrt,,55
p249,,,op7,op1,1,const,,55
p250,227.439,QUERY,op1,,15,linear3,,35
p251,232.46200000000002,QUERY,op1,,15,linear3,,35
p252,232.46200000000002,QUERY,op1,,15,linear3,,35
p253,232.46200000000002,INTERACTIVE,op1,,1,const,,55
p253,,,op2,op1,15,linear3,,37.5
p254,232.46200000000002,QUERY,op1,,15,linear3,,35
p255,232.46200000000002,BATCH_PIPELINE,op1,,1,const,,55
p255,,,op2,op1,20,linear7,,30
p255,,,op3,op2,20,linear7,,30
p255,,,op4,op3,15,linear3,,37.5
p255,,,op5,op4,15,linear3,,37.5
p255,,,op6,op5,20,linear7,,30
p255,,,op7,op6,2,sqrt,,55
p256,232.46200000000002,QUERY,op1,,15,linear3,,35
p257,232.46200000000002,INTERACTIVE,op1,,1,const,,55
p257,,,op2,op1,5,linear3,,45
p257,,,op3,op2,15,linear3,,37.5
p257,,,op4,op3,5,linear3,,45
p257,,,op5,op4,2,sqrt,,55
p257,,,op6,op5,5,linear3,,45
p258,232.46200000000002,INTERACTIVE,op1,,1,const,,55
p258,,,op2,,40,linear7,,20
p258,,,op3,,2,sqrt,,55
p258,,,op4,,5,linear3,,45
p258,,,op5,,5,linear3,,45
p258,,,op6,op1;op2;op3;op4;op5,80,squared,,10
p259,232.46200000000002,QUERY,op1,,15,linear3,,35
p260,232.46200000000002,INTERACTIVE,op1,,1,const,,55
p260,,,op2,op1,15,linear3,,37.5
p260,,,op3,op2,80,squared,,10
p260,,,op4,op3,15,linear3,,37.5
p260,,,op5,op4,15,linear3,,37.5
p260,,,op6,op5,20,linear7,,30
p261,243.478,QUERY,op1,,15,linear3,,35
p262,243.478,QUERY,op1,,15,linear3,,35
p263,243.478,INTERACTIVE,op1,,1,const,,55
p263,,,op2,op1,5,linear3,,45
p263,,,op3,op2,1,const,,55
p263,,,op4,op3,2,sqrt,,55
p264,243.478,INTERACTIVE,op1,,1,const,,55
p264,,,op2,op1,5,linear3,,45
p264,,,op3,op1,40,linear7,,20
p264,,,op4,op1,40,linear7,,20
p264,,,op5,op1,15,linear3,,37.5
p265,243.478,INTERACTIVE,op1,,1,const,,55
p265,,,op2,op1,20,linear7,,30
p265,,,op3,op2,40,linear7,,20
p265,,,op4,op3,2,sqrt,,55
p265,,,op5,op4,80,squared,,10
p265,,,op6,op5,2,sqrt,,55
p266,243.478,INTERACTIVE,op1,,1,const,,55
p266,,,op2,op1,80,squared,,10
p266,,,op3,op1,15,linear3,,37.5
p267,243.478,QUERY,op1,,15,linear3,,35
p268,243.478,INTERACTIVE,op1,,1,const,,55
p268,,,op2,op1,15,linear3,,37.5
p268,,,op3,op2,1,const,,55
p268,,,op4,op3,2,sqrt,,55
p268,,,op5,op4,20,linear7,,30
p269,243.478,QUERY,op1,,15,linear3,,35
p270,243.478,QUERY,op1,,15,linear3,,35
p271,250.84900000000002,BATCH_PIPELINE,op1,,1,const,,55
p271,,,op2,,2,sqrt,,55
p271,,,op3,,2,sqrt,,55
p271,,,op4,,20,linear7,,30
p271,,,op5,,20,linear7,,30
p271,,,op6,,5,linear3,,45
p271,,,op7,op1;op2;op3;op4;op5;op6,5,linear3,,45
p272,250.84900000000002,QUERY,op1,,15,linear3,,35
p273,250.84900000000002,INTERACTIVE,op1,,1,const,,55
p273,,,op2,op1,5,linear3,,45
p273,,,op3,op2,2,sqrt,,55
p273,,,op4,op3,15,linear3,,37.5
p274,250.84900000000002,INTERACTIVE,op1,,1,const,,55
p274,,,op2,op1,15,linear3,,37.5
p274,,,op3,op2,20,linear7,,30
p275,250.84900000000002,QUERY,op1,,15,linear3,,35
p276,250.84900000000002,BATCH_PIPELINE,op1,,1,const,,55
p276,,,op2,op1,40,linear7,,20
p276,,,op3,op2,1,const,,55
p276,,,op4,op3,15,linear3,,37.5
p276,,,op5,op4,40,linear7,,20
p277,250.84900000000002,INTERACTIVE,op1,,1,const,,55
p277,,,op2,op1,15,linear3,,37.5
p277,,,op3,op2,1,const,,55
p277,,,op4,op3,1,const,,55
p277,,,op5,op4,40,linear7,,20
p277,,,op6,op5,2,sqrt,,55
p278,250.84900000000002,INTERACTIVE,op1,,1,const,,55
p278,,,op2,op1,15,linear3,,37.5
p278,,,op3,op1,5,linear3,,45
p279,250.84900000000002,BATCH_PIPELINE,op1,,1,const,,55
p279,,,op2,op1,15,linear3,,37.5
p279,,,op3,op2,80,squared,,10
p279,,,op4,op3,2,sqrt,,55
p279,,,op5,op4,15,linear3,,37.5
p279,,,op6,op5,40,linear7,,20
p279,,,op7,op6,40,linear7,,20
p279,,,op8,op7,1,const,,55
p280,250.84900000000002,QUERY,op1,,15,linear3,,35
p281,262.90500000000003,QUERY,op1,,15,linear3,,35
p282,262.90500000000003,INTERACTIVE,op1,,1,const,,55
p282,,,op2,,20,linear7,,30
p282,,,op3,,15,linear3,,37.5
p282,,,op4,,15,linear3,,37.5
p282,,,op5,op1;op2;op3;op4,15,linear3,,37.5
p283,262.90500000000003,BATCH_PIPELINE,op1,,1,const,,55
p283,,,op2,op1,1,const,,55
p283,,,op3,op2,15,linear3,,37.5
p283,,,op4,op3,2,sqrt,,55
p283,,,op5,op4,20,linear7,,30
p283,,,op6,op5,15,linear3,,37.5
p283,,,op7,op6,20,linear7,,30
p283,,,op8,op7,40,linear7,,20
p283,,,op9,op8,15,linear3,,37.5
p284,262.90500000000003,BATCH_PIPELINE,op1,,1,const,,55
p284,,,op2,op1,15,linear3,,37.5
p284,,,op3,op2,40,linear7,,20
p285,262.90500000000003,QUERY,op1,,15,linear3,,35
p286,262.90500000000003,INTERACTIVE,op1,,1,const,,55
p286,,,op2,op1,20,linear7,,30
p286,,,op3,op2,40,linear7,,20
p286,,,op4,op3,1,const,,55
p286,,,op5,op4,40,linear7,,20
p286,,,op6,op5,15,linear3,,37.5
p287,262.90500000000003,INTERACTIVE,op1,,1,const,,55
p287,,,op2,,1,const,,55
p287,,,op3,op1;op2,20,linear7,,30
p288,262.90500000000003,QUERY,op1,,15,linear3,,35
p289,262.90500000000003,INTERACTIVE,op1,,1,const,,55
p289,,,op2,op1,15,linear3,,37.5
p289,,,op3,op2,5,linear3,,45
p289,,,op4,op3,5,linear3,,45
p289,,,op5,op4,80,squared,,10
p290,262.90500000000003,INTERACTIVE,op1,,1,const,,55
p290,,,op2,op1,1,const,,55
p290,,,op3,op2,20,linear7,,30
p290,,,op4,op3,1,const,,55
p290,,,op5,op4,40,linear7,,20
p291,272.195,BATCH_PIPELINE,op1,,1,const,,55
p291,,,op2,op1,80,squared,,10
p291,,,op3,op2,40,linear7,,20
p291,,,op4,op3,2,sqrt,,55
p291,,,op5,op4,15,linear3,,37.5
p292,272.195,BATCH_PIPELINE,op1,,1,const,,55
p292,,,op2,,15,linear3,,37.5
p292,,,op3,,1,const,,55
p292,,,op4,,15,linear3,,37.5
p292,,,op5,,20,linear7,,30
p292,,,op6,,5,linear3,,45
p292,,,op7,,1,const,,55
p292,,,op8,op1;op2;op3;op4;op5;op6;op7,40,linear7,,20
p293,272.195,INTERACTIVE,op1,,1,const,,55
p293,,,op2,op1,1,const,,55
p293,,,op3,op2,2,sqrt,,55
p293,,,op4,op3,5,linear3,,45
p294,272.195,INTERACTIVE,op1,,1,const,,55
p294,,,op2,op1,5,linear3,,45
p294,,,op3,op2,20,linear7,,30
p294,,,op4,op3,15,linear3,,37.5
p294,,,op5,op4,40,linear7,,20
p295,272.195,QUERY,op1,,15,linear3,,35
p296,272.195,INTERACTIVE,op1,,1,const,,55
p296,,,op2,op1,5,linear3,,45
p296,,,op3,op1,2,sqrt,,55
p296,,,op4,op1,20,linear7,,30
p296,,,op5,op1,5,linear3,,45
p297,272.195,QUERY,op1,,15,linear3,,35
p298,272.195,QUERY,op1,,15,linear3,,35
p299,272.195,QUERY,op1,,15,linear3,,35
p300,272.195,BATCH_PIPELINE,op1,,1,const,,55
p300,,,op2,op1,1,const,,55
p300,,,op3,op2,15,linear3,,37.5
p300,,,op4,op3,80,squared,,10
p300,,,op5,op4,5,linear3,,45
p300,,,op6,op5,15,linear3,,37.5
p300,,,op7,op6,40,linear7,,20
p301,280.827,BATCH_PIPELINE,op1,,1,const,,55
p301,,,op2,op1,5,linear3,,45
p301,,,op3,op2,2,sqrt,,55
p302,280.827,BATCH_PIPELINE,op1,,1,const,,55
p302,,,op2,op1,20,linear7,,30
p302,,,op3,op2,1,const,,55
p302,,,op4,op3,40,linear7,,20
p302,,,op5,op4,1,const,,55
p302,,,op6,op5,2,sqrt,,55
p303,280.827,BATCH_PIPELINE,op1,,1,const,,55
p303,,,op2,op1,2,sqrt,,55
p303,,,op3,op2,5,linear3,,45
p303,,,op4,op3,15,linear3,,37.5
p303,,,op5,op4,15,linear3,,37.5
p303,,,op6,op5,15,linear3,,37.5
p303,,,op7,op6,15,linear3,,37.5
p303,,,op8,op7,5,linear3,,45
p303,,,op9,op8,1,const,,55
p303,,,op10,op9,5,linear3,,45
p304,280.827,QUERY,op1,,15,linear3,,35
p305,280.827,INTERACTIVE,op1,,1,const,,55
p305,,,op2,,15,linear3,,37.5
p305,,,op3,,5,linear3,,45
p305,,,op4,,80,squared,,10
p305,,,op5,op1;op2;op3;op4,20,linear7,,30
p306,280.827,QUERY,op1,,15,linear3,,35
p307,280.827,INTERACTIVE,op1,,1,const,,55
p307,,,op2,op1,20,linear7,,30
p307,,,op3,op2,5,linear3,,45
p307,,,op4,op3,40,linear7,,20
p308,280.827,INTERACTIVE,op1,,1,const,,55
p308,,,op2,op1,5,linear3,,45
p308,,,op3,op2,40,linear7,,20
p308,,,op4,op3,20,linear7,,30
p308,,,op5,op4,80,squared,,10
p309,280.827,INTERACTIVE,op1,,1,const,,55
p309,,,op2,op1,2,sqrt,,55
p309,,,op3,op2,5,linear3,,45
p309,,,op4,op3,5,linear3,,45
p310,280.827,QUERY,op1,,15,linear3,,35
p311,287.461,INTERACTIVE,op1,,1,const,,55
p311,,,op2,op1,2,sqrt,,55
p311,,,op3,op2,80,squared,,10
p311,,,op4,op3,5,linear3,,45
p312,287.461,INTERACTIVE,op1,,1,const,,55
p312,,,op2,op1,40,linear7,,20
p312,,,op3,op2,20,linear7,,30
p312,,,op4,op3,1,const,,55
p313,287.461,INTERACTIVE,op1,,1,const,,55
p313,,,op2,,40,linear7,,20
p313,,,op3,,15,linear3,,37.5
p313,,,op4,op1;op2;op3,1,const,,55
p314,287.461,BATCH_PIPELINE,op1,,1,const,,55
p314,,,op2,op1,40,linear7,,20
p314,,,op3,op2,1,const,,55
p314,,,op4,op3,15,linear3,,37.5
p314,,,op5,op4,40,linear7,,20
p314,,,op6,op5,1,const,,55
p314,,,op7,op6,15,linear3,,37.5
p314,,,op8,op7,15,linear3,,37.5
p314,,,op9,op8,5,linear3,,45
p315,287.461,INTERACTIVE,op1,,1,const,,55
p315,,,op2,op1,15,linear3,,37.5
p315,,,op3,op2,5,linear3,,45
p315,,,op4,op3,5,linear3,,45
p315,,,op5,op4,15,linear3,,37.5
p316,287.461,QUERY,op1,,15,linear3,,35
p317,287.461,INTERACTIVE,op1,,1,const,,55
p317,,,op2,,1,const,,55
p317,,,op3,,20,linear7,,30
p317,,,op4,,15,linear3,,37.5
p317,,,op5,op1;op2;op3;op4,15,linear3,,37.5
p318,287.461,BATCH_PIPELINE,op1,,1,const,,55
p318,,,op2,op1,15,linear3,,37.5
p318,,,op3,op2,15,linear3,,37.5
p318,,,op4,op3,15,linear3,,37.5
p319,287.461,INTERACTIVE,op1,,1,const,,55
p319,,,op2,op1,20,linear7,,30
p319,,,op3,op1,15,linear3,,37.5
p319,,,op4,op1,1,const,,55
p319,,,op5,op1,40,linear7,,20
p319,,,op6,op1,80,squared,,10
p320,287.461,INTERACTIVE,op1,,1,const,,55
p320,,,op2,op1,40,linear7,,20
p320,,,op3,op2,80,squared,,10
p320,,,op4,op3,2,sqrt,,55
p321,295.952,INTERACTIVE,op1,,1,const,,55
p321,,,op2,op1,20,linear7,,30
p321,,,op3,op2,20,linear7,,30
p321,,,op4,op3,15,linear3,,37.5
p321,,,op5,op4,20,linear7,,30
p321,,,op6,op5,15,linear3,,37.5
p322,295.952,INTERACTIVE,op1,,1,const,,55
p322,,,op2,op1,15,linear3,,37.5
p322,,,op3,op2,40,linear7,,20
p322,,,op4,op3,1,const,,55
p323,295.952,INTERACTIVE,op1,,1,const,,55
p323,,,op2,op1,2,sqrt,,55
p324,295.952,QUERY,op1,,15,linear3,,35
p325,295.952,QUERY,op1,,15,linear3,,35
p326,295.952,QUERY,op1,,15,linear3,,35
p327,295.952,INTERACTIVE,op1,,1,const,,55
p327,,,op2,op1,20,linear7,,30
p327,,,op3,op2,5,linear3,,45
p327,,,op4,op3,15,linear3,,37.5
p327,,,op5,op4,40,linear7,,20
p328,295.952,QUERY,op1,,15,linear3,,35
p329,295.952,INTERACTIVE,op1,,1,const,,55
p329,,,op2,op1,80,squared,,10
p329,,,op3,op2,40,linear7,,20
p329,,,op4,op3,20,linear7,,30
p329,,,op5,op4,15,linear3,,37.5
p329,,,op6,op5,15,linear3,,37.5
p330,295.952,BATCH_PIPELINE,op1,,1,const,,55
p330,,,op2,op1,20,linear7,,30
p330,,,op3,op2,5,linear3,,45
p330,,,op4,op3,2,sqrt,,55
p330,,,op5,op4,1,const,,55
p330,,,op6,op5,2,sqrt,,55
p330,,,op7,op6,1,const,,55
p331,306.595,INTERACTIVE,op1,,1,const,,55
p331,,,op2,op1,40,linear7,,20
p331,,,op3,op2,80,squared,,10
p331,,,op4,op3,5,linear3,,45
p331,,,op5,op4,15,linear3,,37.5
p331,,,op6,op5,1,const,,55
p331,,,op7,op6,20,linear7,,30
p331,,,op8,op7,2,sqrt,,55
p332,306.595,INTERACTIVE,op1,,1,const,,55
p332,,,op2,,40,linear7,,20
p332,,,op3,op1;op2,5,linear3,,45
p333,306.595,INTERACTIVE,op1,,1,const,,55
p333,,,op2,op1,5,linear3,,45
p334,306.595,INTERACTIVE,op1,,1,const,,55
p334,,,op2,op1,2,sqrt,,55
p334,,,op3,op2,5,linear3,,45
p334,,,op4,op3,40,linear7,,20
p334,,,op5,op4,20,linear7,,30
p334,,,op6,op5,15,linear3,,37.5
p335,306.595,BATCH_PIPELINE,op1,,1,const,,55
p335,,,op2,op1,15,linear3,,37.5
p335,,,op3,op2,5,linear3,,45
p335,,,op4,op3,20,linear7,,30
p335,,,op5,op4,2,sqrt,,55
p336,306.595,INTERACTIVE,op1,,1,const,,55
p336,,,op2,,40,linear7,,20
p336,,,op3,,1,const,,55
p336,,,op4,,5,linear3,,45
p336,,,op5,,40,linear7,,20
p336,,,op6,op1;op2;op3;op4;op5,5,linear3,,45
p337,306.595,INTERACTIVE,op1,,1,const,,55
p337,,,op2,,1,const,,55
p337,,,op3,,40,linear7,,20
p337,,,op4,op1;op2;op3,15,linear3,,37.5
p338,306.595,QUERY,op1,,15,linear3,,35
p339,306.595,BATCH_PIPELINE,op1,,1,const,,55
p339,,,op2,op1,20,linear7,,30
p339,,,op3,op2,1,const,,55
p339,,,op4,op3,5,linear3,,45
p339,,,op5,op4,2,sqrt,,55
p340,306.595,INTERACTIVE,op1,,1,const,,55
p340,,,op2,op1,15,linear3,,37.5
p340,,,op3,op1,2,sqrt,,55
p341,314.072,INTERACTIVE,op1,,1,const,,55
p341,,,op2,op1,2,sqrt,,55
p341,,,op3,op2,1,const,,55
p341,,,op4,op3,5,linear3,,45
p342,314.072,QUERY,op1,,15,linear3,,35
p343,314.072,INTERACTIVE,op1,,1,const,,55
p343,,,op2,op1,80,squared,,10
p343,,,op3,op2,15,linear3,,37.5
p343,,,op4,op3,20,linear7,,30
p344,314.072,QUERY,op1,,15,linear3,,35
p345,314.072,BATCH_PIPELINE,op1,,1,const,,55
p345,,,op2,,40,linear7,,20
p345,,,op3,,1,const,,55
p345,,,op4,,5,linear3,,45
p345,,,op5,,5,linear3,,45
p345,,,op6,,15,linear3,,37.5
p345,,,op7,,2,sqrt,,55
p345,,,op8,op1;op2;op3;op4;op5;op6;op7,5,linear3,,45
p346,314.072,QUERY,op1,,15,linear3,,35
p347,314.072,INTERACTIVE,op1,,1,const,,55
p347,,,op2,op1,15,linear3,,37.5
p347,,,op3,op2,5,linear3,,45
p347,,,op4,op3,40,linear7,,20
p347,,,op5,op4,15,linear3,,37.5
p347,,,op6,op5,5,linear3,,45
p348,314.072,QUERY,op1,,15,linear3,,35
p349,314.072,INTERACTIVE,op1,,1,const,,55
p349,,,op2,op1,1,const,,55
p349,,,op3,op2,20,linear7,,30
p350,314.072,QUERY,op1,,15,linear3,,35
p351,324.172,QUERY,op1,,15,linear3,,35
p352,324.172,BATCH_PIPELINE,op1,,1,const,,55
p352,,,op2,op1,2,sqrt,,55
p352,,,op3,op2,5,linear3,,45
p352,,,op4,op3,15,linear3,,37.5
p352,,,op5,op4,2,sqrt,,55
p352,,,op6,op5,2,sqrt,,55
p352,,,op7,op6,1,const,,55
p352,,,op8,op7,15,linear3,,37.5
p353,324.172,BATCH_PIPELINE,op1,,1,const,,55
p353,,,op2,op1,15,linear3,,37.5
p353,,,op3,op2,15,linear3,,37.5
p353,,,op4,op3,15,linear3,,37.5
p353,,,op5,op4,15,linear3,,37.5
p353,,,op6,op5,5,linear3,,45
p353,,,op7,op6,80,squared,,10
p353,,,op8,op7,5,linear3,,45
p354,324.172,INTERACTIVE,op1,,1,const,,55
p354,,,op2,op1,1,const,,55
p354,,,op3,op2,40,linear7,,20
p354,,,op4,op3,15,linear3,,37.5
p354,,,op5,op4,2,sqrt,,55
p354,,,op6,op5,40,linear7,,20
p355,324.172,QUERY,op1,,15,linear3,,35
p356,324.172,INTERACTIVE,op1,,1,const,,55
p356,,,op2,op1,15,linear3,,37.5
p356,,,op3,op2,80,squared,,10
p356,,,op4,op3,15,linear3,,37.5
p356,,,op5,op4,15,linear3,,37.5
p356,,,op6,op5,5,linear3,,45
p356,,,op7,op6,20,linear7,,30
p356,,,op8,op7,20,linear7,,30
p357,324.172,INTERACTIVE,op1,,1,const,,55
p357,,,op2,op1,15,linear3,,37.5
p357,,,op3,op2,1,const,,55
p357,,,op4,op3,1,const,,55
p358,324.172,QUERY,op1,,15,linear3,,35
p359,324.172,BATCH_PIPELINE,op1,,1,const,,55
p359,,,op2,op1,40,linear7,,20
p359,,,op3,op2,5,linear3,,45
p359,,,op4,op3,20,linear7,,30
p359,,,op5,op4,5,linear3,,45
p359,,,op6,op5,15,linear3,,37.5
p359,,,op7,op6,20,linear7,,30
p359,,,op8,op7,5,linear3,,45
p360,324.172,QUERY,op1,,15,linear3,,35
p361,330.937,QUERY,op1,,15,linear3,,35
p362,330.937,QUERY,op1,,15,linear3,,35
p363,330.937,QUERY,op1,,15,linear3,,35
p364,330.937,INTERACTIVE,op1,,1,const,,55
p364,,,op2,op1,2,sqrt,,55
p364,,,op3,op2,20,linear7,,30
p364,,,op4,op3,20,linear7,,30
p365,330.937,BATCH_PIPELINE,op1,,1,const,,55
p365,,,op2,op1,1,const,,55
p365,,,op3,op2,40,linear7,,20
p365,,,op4,op3,80,squared,,10
p365,,,op5,op4,15,linear3,,37.5
p366,330.937,BATCH_PIPELINE,op1,,1,const,,55
p366,,,op2,op1,2,sqrt,,55
p366,,,op3,op2,2,sqrt,,55
p366,,,op4,op3,1,const,,55
p366,,,op5,op4,80,squared,,10
p366,,,op6,op5,15,linear3,,37.5
p366,,,op7,op6,15,linear3,,37.5
p367,330.937,INTERACTIVE,op1,,1,const,,55
p367,,,op2,op1,15,linear3,,37.5
p367,,,op3,op2,20,linear7,,30
p367,,,op4,op3,15,linear3,,37.5
p367,,,op5,op4,5,linear3,,45
p368,330.937,QUERY,op1,,15,linear3,,35
p369,330.937,QUERY,op1,,15,linear3,,35
p370,330.937,QUERY,op1,,15,linear3,,35
p371,340.065,QUERY,op1,,15,linear3,,35
p372,340.065,QUERY,op1,,15,linear3,,35
p373,340.065,QUERY,op1,,15,linear3,,35
p374,340.065,QUERY,op1,,15,linear3,,35
p375,340.065,QUERY,op1,,15,linear3,,35
p376,340.065,QUERY,op1,,15,linear3,,35
p377,340.065,QUERY,op1,,15,linear3,,35
p378,340.065,QUERY,op1,,15,linear3,,35
p379,340.065,INTERACTIVE,op1,,1,const,,55
p379,,,op2,op1,15,linear3,,37.5
p379,,,op3,op1,5,linear3,,45
p379,,,op4,op1,5,linear3,,45
p379,,,op5,op1,20,linear7,,30
p379,,,op6,op1,15,linear3,,37.5
p379,,,op7,op1,20,linear7,,30
p380,340.065,BATCH_PIPELINE,op1,,1,const,,55
p380,,,op2,,20,linear7,,30
p380,,,op3,,20,linear7,,30
p380,,,op4,,2,sqrt,,55
p380,,,op5,,1,const,,55
p380,,,op6,,80,squared,,10
p380,,,op7,,15,linear3,,37.5
p380,,,op8,,1,const,,55
p380,,,op9,op1;op2;op3;op4;op5;op6;op7;op8,2,sqrt,,55
p381,350.802,INTERACTIVE,op1,,1,const,,55
p381,,,op2,op1,2,sqrt,,55
p381,,,op3,op2,5,linear3,,45
p381,,,op4,op3,20,linear7,,30
p381,,,op5,op4,20,linear7,,30
p382,350.802,QUERY,op1,,15,linear3,,35
p383,350.802,INTERACTIVE,op1,,1,const,,55
p383,,,op2,op1,15,linear3,,37.5
p383,,,op3,op2,15,linear3,,37.5
p383,,,op4,op3,15,linear3,,37.5
p383,,,op5,op4,20,linear7,,30
p383,,,op6,op5,40,linear7,,20
p384,350.802,QUERY,op1,,15,linear3,,35
p385,350.802,INTERACTIVE,op1,,1,const,,55
p385,,,op2,op1,15,linear3,,37.5
p385,,,op3,op2,15,linear3,,37.5
p385,,,op4,op3,80,squared,,10
p386,350.802,INTERACTIVE,op1,,1,const,,55
p386,,,op2,,15,linear3,,37.5
p386,,,op3,,80,squared,,10
p386,,,op4,,5,linear3,,45
p386,,,op5,,20,linear7,,30
p386,,,op6,op1;op2;op3;op4;op5,5,linear3,,45
p387,350.802,QUERY,op1,,15,linear3,,35
p388,350.802,INTERACTIVE,op1,,1,const,,55
p388,,,op2,,80,squared,,10
p388,,,op3,,15,linear3,,37.5
p388,,,op4,,5,linear3,,45
p388,,,op5,,80,squared,,10
p388,,,op6,,20,linear7,,30
p388,,,op7,op1;op2;op3;op4;op5;op6,5,linear3,,45
p389,350.802,QUERY,op1,,15,linear3,,35
p390,350.802,INTERACTIVE,op1,,1,const,,55
p390,,,op2,op1,15,linear3,,37.5
p390,,,op3,op2,15,linear3,,37.5
p390,,,op4,op3,40,linear7,,20
p390,,,op5,op4,2,sqrt,,55
p390,,,op6,op5,2,sqrt,,55
p390,,,op7,op6,20,linear7,,30
p391,361.15500000000003,QUERY,op1,,15,linear3,,35
p392,361.15500000000003,INTERACTIVE,op1,,1,const,,55
p392,,,op2,op1,5,linear3,,45
p392,,,op3,op2,2,sqrt,,55
p392,,,op4,op3,80,squared,,10
p392,,,op5,op4,20,linear7,,30
p392,,,op6,op5,20,linear7,,30
p392,,,op7,op6,80,squared,,10
p393,361.15500000000003,QUERY,op1,,15,linear3,,35
p394,361.15500000000003,BATCH_PIPELINE,op1,,1,const,,55
p394,,,op2,op1,2,sqrt,,55
p394,,,op3,op2,2,sqrt,,55
p394,,,op4,op3,5,linear3,,45
p394,,,op5,op4,1,const,,55
p394,,,op6,op5,15,linear3,,37.5
p395,361.15500000000003,QUERY,op1,,15,linear3,,35
p396,361.15500000000003,INTERACTIVE,op1,,1,const,,55
p396,,,op2,op1,5,linear3,,45
p396,,,op3,op2,80,squared,,10
p396,,,op4,op3,20,linear7,,30
p396,,,op5,op4,1,const,,55
p396,,,op6,op5,2,sqrt,,55
p397,361.15500000000003,INTERACTIVE,op1,,1,const,,55
p397,,,op2,op1,5,linear3,,45
p397,,,op3,op2,80,squared,,10
p397,,,op4,op3,20,linear7,,30
p397,,,op5,op4,40,linear7,,20
p397,,,op6,op5,2,sqrt,,55
p398,361.15500000000003,QUERY,op1,,15,linear3,,35
p399,361.15500000000003,QUERY,op1,,15,linear3,,35
p400,361.15500000000003,QUERY,op1,,15,linear3,,35
p401,365.979,QUERY,op1,,15,linear3,,35
p402,365.979,INTERACTIVE,op1,,1,const,,55
p402,,,op2,op1,5,linear3,,45
p402,,,op3,op2,15,linear3,,37.5
p402,,,op4,op3,15,linear3,,37.5
p402,,,op5,op4,20,linear7,,30
p403,365.979,BATCH_PIPELINE,op1,,1,const,,55
p403,,,op2,op1,20,linear7,,30
p403,,,op3,op1,20,linear7,,30
p403,,,op4,op1,5,linear3,,45
p403,,,op5,op1,20,linear7,,30
p403,,,op6,op1,40,linear7,,20
p403,,,op7,op1,40,linear7,,20
p404,365.979,QUERY,op1,,15,linear3,,35
p405,365.979,INTERACTIVE,op1,,1,const,,55
p405,,,op2,,15,linear3,,37.5
p405,,,op3,,5,linear3,,45
p405,,,op4,,1,const,,55
p405,,,op5,,15,linear3,,37.5
p405,,,op6,op1;op2;op3;op4;op5,5,linear3,,45
p406,365.979,INTERACTIVE,op1,,1,const,,55
p406,,,op2,op1,20,linear7,,30
p406,,,op3,op1,15,linear3,,37.5
p406,,,op4,op1,20,linear7,,30
p407,365.979,BATCH_PIPELINE,op1,,1,const,,55
p407,,,op2,op1,2,sqrt,,55
p407,,,op3,op2,1,const,,55
p407,,,op4,op3,80,squared,,10
p407,,,op5,op4,2,sqrt,,55
p407,,,op6,op5,2,sqrt,,55
p407,,,op7,op6,15,linear3,,37.5
p407,,,op8,op7,15,linear3,,37.5
p408,365.979,QUERY,op1,,15,linear3,,35
p409,365.979,QUERY,op1,,15,linear3,,35
p410,365.979,BATCH_PIPELINE,op1,,1,const,,55
p410,,,op2,op1,40,linear7,,20
p410,,,op3,op2,20,linear7,,30
p410,,,op4,op3,2,sqrt,,55
p410,,,op5,op4,1,const,,55
p410,,,op6,op5,2,sqrt,,55
p411,374.856,INTERACTIVE,op1,,1,const,,55
p411,,,op2,,20,linear7,,30
p411,,,op3,,1,const,,55
p411,,,op4,op1;op2;op3,40,linear7,,20
p412,374.856,QUERY,op1,,15,linear3,,35
p413,374.856,INTERACTIVE,op1,,1,const,,55
p413,,,op2,op1,20,linear7,,30
p413,,,op3,op2,1,const,,55
p413,,,op4,op3,5,linear3,,45
p413,,,op5,op4,15,linear3,,37.5
p413,,,op6,op5,15,linear3,,37.5
p414,374.856,QUERY,op1,,15,linear3,,35
p415,374.856,QUERY,op1,,15,linear3,,35
p416,374.856,QUERY,op1,,15,linear3,,35
p417,374.856,INTERACTIVE,op1,,1,const,,55
p417,,,op2,op1,20,linear7,,30
p417,,,op3,op1,2,sqrt,,55
p418,374.856,INTERACTIVE,op1,,1,const,,55
p418,,,op2,op1,1,const,,55
p418,,,op3,op2,2,sqrt,,55
p418,,,op4,op3,80,squared,,10
p418,,,op5,op4,5,linear3,,45
p418,,,op6,op5,1,const,,55
p418,,,op7,op6,80,squared,,10
p419,374.856,QUERY,op1,,15,linear3,,35
p420,374.856,BATCH_PIPELINE,op1,,1,const,,55
p420,,,op2,op1,15,linear3,,37.5
p420,,,op3,op2,20,linear7,,30
p420,,,op4,op3,80,squared,,10
p420,,,op5,op4,40,linear7,,20
p420,,,op6,op5,1,const,,55
p420,,,op7,op6,20,linear7,,30
p420,,,op8,op7,40,linear7,,20
p421,386.563,QUERY,op1,,15,linear3,,35
p422,386.563,INTERACTIVE,op1,,1,const,,55
p422,,,op2,op1,5,linear3,,45
p422,,,op3,op1,5,linear3,,45
p422,,,op4,op1,5,linear3,,45
p422,,,op5,op1,5,linear3,,45
p422,,,op6,op1,2,sqrt,,55
p422,,,op7,op1,1,const,,55
p423,386.563,INTERACTIVE,op1,,1,const,,55
p423,,,op2,,80,squared,,10
p423,,,op3,,15,linear3,,37.5
p423,,,op4,,80,squared,,10
p423,,,op5,,20,linear7,,30
p423,,,op6,op1;op2;op3;op4;op5,40,linear7,,20
p424,386.563,QUERY,op1,,15,linear3,,35
p425,386.563,INTERACTIVE,op1,,1,const,,55
p425,,,op2,op1,20,linear7,,30
p425,,,op3,op2,15,linear3,,37.5
p425,,,op4,op3,20,linear7,,30
p425,,,op5,op4,80,squared,,10
p425,,,op6,op5,15,linear3,,37.5
p426,386.563,INTERACTIVE,op1,,1,const,,55
p426,,,op2,op1,15,linear3,,37.5
p426,,,op3,op2,1,const,,55
p426,,,op4,op3,20,linear7,,30
p426,,,op5,op4,1,const,,55
p426,,,op6,op5,80,squared,,10
p426,,,op7,op6,15,linear3,,37.5
p427,386.563,INTERACTIVE,op1,,1,const,,55
p427,,,op2,op1,20,linear7,,30
p427,,,op3,op2,15,linear3,,37.5
p427,,,op4,op3,5,linear3,,45
p428,386.563,INTERACTIVE,op1,,1,const,,55
p428,,,op2,op1,40,linear7,,20
p428,,,op3,op2,40,linear7,,20
p428,,,op4,op3,80,squared,,10
p428,,,op5,op4,15,linear3,,37.5
p428,,,op6,op5,1,const,,55
p428,,,op7,op6,15,linear3,,37.5
p428,,,op8,op7,40,linear7,,20
p428,,,op9,op8,2,sqrt,,55
p428,,,op10,op9,15,linear3,,37.5
p429,386.563,QUERY,op1,,15,linear3,,35
p430,386.563,QUERY,op1,,15,linear3,,35
p431,397.25,INTERACTIVE,op1,,1,const,,55
p431,,,op2,,15,linear3,,37.5
p431,,,op3,,2,sqrt,,55
p431,,,op4,,1,const,,55
p431,,,op5,,15,linear3,,37.5
p431,,,op6,op1;op2;op3;op4;op5,20,linear7,,30
p432,397.25,QUERY,op1,,15,linear3,,35
p433,397.25,BATCH_PIPELINE,op1,,1,const,,55
p433,,,op2,op1,5,linear3,,45
p433,,,op3,op1,20,linear7,,30
p433,,,op4,op1,80,squared,,10
p433,,,op5,op1,80,squared,,10
p433,,,op6,op1,40,linear7,,20
p433,,,op7,op1,5,linear3,,45
p433,,,op8,op1,2,sqrt,,55
p433,,,op9,op1,20,linear7,,30
p433,,,op10,op1,1,const,,55
p433,,,op11,op1,5,linear3,,45
p434,397.25,INTERACTIVE,op1,,1,const,,55
p434,,,op2,op1,1,const,,55
p434,,,op3,op1,20,linear7,,30
p434,,,op4,op1,5,linear3,,45
p434,,,op5,op1,15,linear3,,37.5
p434,,,op6,op1,15,linear3,,37.5
p434,,,op7,op1,15,linear3,,37.5
p434,,,op8,op1,40,linear7,,20
p435,397.25,INTERACTIVE,op1,,1,const,,55
p435,,,op2,op1,5,linear3,,45
p435,,,op3,op2,1,const,,55
p435,,,op4,op3,20,linear7,,30
p435,,,op5,op4,40,linear7,,20
p436,397.25,INTERACTIVE,op1,,1,const,,55
p436,,,op2,op1,1,const,,55
p436,,,op3,op2,20,linear7,,30
p437,397.25,INTERACTIVE,op1,,1,const,,55
p437,,,op2,op1,15,linear3,,37.5
p437,,,op3,op2,5,linear3,,45
p437,,,op4,op3,20,linear7,,30
p438,397.25,INTERACTIVE,op1,,1,const,,55
p438,,,op2,op1,5,linear3,,45
p438,,,op3,op2,2,sqrt,,55
p438,,,op4,op3,1,const,,55
p438,,,op5,op4,20,linear7,,30
p438,,,op6,op5,5,linear3,,45
p438,,,op7,op6,1,const,,55
p439,397.25,INTERACTIVE,op1,,1,const,,55
p439,,,op2,op1,1,const,,55
p439,,,op3,op2,1,const,,55
p439,,,op4,op3,40,linear7,,20
p440,397.25,INTERACTIVE,op1,,1,const,,55
p440,,,op2,op1,20,linear7,,30
p440,,,op3,op2,1,const,,55
p440,,,op4,op3,1,const,,55
p441,405.619,QUERY,op1,,15,linear3,,35
p442,405.619,QUERY,op1,,15,linear3,,35
p443,405.619,QUERY,op1,,15,linear3,,35
p444,405.619,QUERY,op1,,15,linear3,,35
p445,405.619,QUERY,op1,,15,linear3,,35
p446,405.619,BATCH_PIPELINE,op1,,1,const,,55
p446,,,op2,op1,1,const,,55
p446,,,op3,op2,40,linear7,,20
p446,,,op4,op3,2,sqrt,,55
p446,,,op5,op4,15,linear3,,37.5
p446,,,op6,op5,5,linear3,,45
p446,,,op7,op6,2,sqrt,,55
p447,405.619,QUERY,op1,,15,linear3,,35
p448,405.619,INTERACTIVE,op1,,1,const,,55
p448,,,op2,op1,40,linear7,,20
p448,,,op3,op2,15,linear3,,37.5
p448,,,op4,op3,15,linear3,,37.5
p449,405.619,INTERACTIVE,op1,,1,const,,55
p449,,,op2,op1,40,linear7,,20
p449,,,op3,op2,80,squared,,10
p449,,,op4,op3,5,linear3,,45
p450,405.619,INTERACTIVE,op1,,1,const,,55
p450,,,op2,,5,linear3,,45
p450,,,op3,,5,linear3,,45
p450,,,op4,,20,linear7,,30
p450,,,op5,,2,sqrt,,55
p450,,,op6,,5,linear3,,45
p450,,,op7,op1;op2;op3;op4;op5;op6,15,linear3,,37.5
p451,416.86,INTERACTIVE,op1,,1,const,,55
p451,,,op2,op1,2,sqrt,,55
p451,,,op3,op2,1,const,,55
p452,416.86,QUERY,op1,,15,linear3,,35
p453,416.86,QUERY,op1,,15,linear3,,35
p454,416.86,INTERACTIVE,op1,,1,const,,55
p454,,,op2,op1,80,squared,,10
p454,,,op3,op2,20,linear7,,30
p454,,,op4,op3,15,linear3,,37.5
p455,416.86,BATCH_PIPELINE,op1,,1,const,,55
p455,,,op2,op1,20,linear7,,30
p455,,,op3,op1,2,sqrt,,55
p455,,,op4,op1,15,linear3,,37.5
p455,,,op5,op1,1,const,,55
p455,,,op6,op1,15,linear3,,37.5
p455,,,op7,op1,20,linear7,,30
p456,416.86,QUERY,op1,,15,linear3,,35
p457,416.86,BATCH_PIPELINE,op1,,1,const,,55
p457,,,op2,,15,linear3,,37.5
p457,,,op3,,5,linear3,,45
p457,,,op4,,5,linear3,,45
p457,,,op5,,15,linear3,,37.5
p457,,,op6,op1;op2;op3;op4;op5,20,linear7,,30
p458,416.86,QUERY,op1,,15,linear3,,35
p459,416.86,QUERY,op1,,15,linear3,,35
p460,416.86,INTERACTIVE,op1,,1,const,,55
p460,,,op2,op1,5,linear3,,45
p460,,,op3,op1,40,linear7,,20
p460,,,op4,op1,5,linear3,,45
p460,,,op5,op1,40,linear7,,20
p461,430.834,INTERACTIVE,op1,,1,const,,55
p461,,,op2,op1,80,squared,,10
p462,430.834,QUERY,op1,,15,linear3,,35
p463,430.834,QUERY,op1,,15,linear3,,35
p464,430.834,INTERACTIVE,op1,,1,const,,55
p464,,,op2,op1,40,linear7,,20
p464,,,op3,op2,80,squared,,10
p464,,,op4,op3,20,linear7,,30
p464,,,op5,op4,40,linear7,,20
p464,,,op6,op5,5,linear3,,45
p465,430.834,QUERY,op1,,15,linear3,,35
p466,430.834,QUERY,op1,,15,linear3,,35
p467,430.834,INTERACTIVE,op1,,1,const,,55
p467,,,op2,op1,5,linear3,,45
p467,,,op3,op2,15,linear3,,37.5
p467,,,op4,op3,80,squared,,10
p467,,,op5,op4,20,linear7,,30
p467,,,op6,op5,1,const,,55
p467,,,op7,op6,15,linear3,,37.5
p468,430.834,BATCH_PIPELINE,op1,,1,const,,55
p468,,,op2,,80,squared,,10
p468,,,op3,,20,linear7,,30
p468,,,op4,,15,linear3,,37.5
p468,,,op5,,5,linear3,,45
p468,,,op6,,40,linear7,,20
p468,,,op7,op1;op2;op3;op4;op5;op6,5,linear3,,45
p469,430.834,INTERACTIVE,op1,,1,const,,55
p469,,,op2,,15,linear3,,37.5
p469,,,op3,,15,linear3,,37.5
p469,,,op4,,40,linear7,,20
p469,,,op5,,2,sqrt,,55
p469,,,op6,op1;op2;op3;op4;op5,1,const,,55
p470,430.834,INTERACTIVE,op1,,1,const,,55
p470,,,op2,op1,20,linear7,,30
p470,,,op3,op1,5,linear3,,45
p470,,,op4,op1,40,linear7,,20
p470,,,op5,op1,15,linear3,,37.5
p470,,,op6,op1,5,linear3,,45
p471,439.133,INTERACTIVE,op1,,1,const,,55
p471,,,op2,op1,1,const,,55
p471,,,op3,op2,15,linear3,,37.5
p472,439.133,BATCH_PIPELINE,op1,,1,const,,55
p472,,,op2,,5,linear3,,45
p472,,,op3,op1;op2,1,const,,55
p473,439.133,QUERY,op1,,15,linear3,,35
p474,439.133,BATCH_PIPELINE,op1,,1,const,,55
p474,,,op2,op1,15,linear3,,37.5
p474,,,op3,op1,40,linear7,,20
p474,,,op4,op1,80,squared,,10
p474,,,op5,op1,40,linear7,,20
p474,,,op6,op1,2,sqrt,,55
p474,,,op7,op1,15,linear3,,37.5
p474,,,op8,op1,20,linear7,,30
p474,,,op9,op1,1,const,,55
p474,,,op10,op1,20,linear7,,30
p475,439.133,QUERY,op1,,15,linear3,,35
p476,439.133,QUERY,op1,,15,linear3,,35
p477,439.133,INTERACTIVE,op1,,1,const,,55
p477,,,op2,op1,20,linear7,,30
p477,,,op3,op2,2,sqrt,,55
p477,,,op4,op3,2,sqrt,,55
p477,,,op5,op4,80,squared,,10
p477,,,op6,op5,80,squared,,10
p478,439.133,QUERY,op1,,15,linear3,,35
p479,439.133,INTERACTIVE,op1,,1,const,,55
p479,,,op2,op1,20,linear7,,30
p479,,,op3,op2,40,linear7,,20
p479,,,op4,op3,15,linear3,,37.5
p479,,,op5,op4,80,squared,,10
p480,439.133,INTERACTIVE,op1,,1,const,,55
p480,,,op2,,80,squared,,10
p480,,,op3,,20,linear7,,30
p480,,,op4,,40,linear7,,20
p480,,,op5,,1,const,,55
p480,,,op6,op1;op2;op3;op4;op5,2,sqrt,,55
p481,450.919,QUERY,op1,,15,linear3,,35
p482,450.919,INTERACTIVE,op1,,1,const,,55
p482,,,op2,op1,80,squared,,10
p482,,,op3,op2,15,linear3,,37.5
p482,,,op4,op3,20,linear7,,30
p482,,,op5,op4,40,linear7,,20
p482,,,op6,op5,2,sqrt,,55
p482,,,op7,op6,2,sqrt,,55
p483,450.919,BATCH_PIPELINE,op1,,1,const,,55
p483,,,op2,op1,1,const,,55
p483,,,op3,op2,20,linear7,,30
p483,,,op4,op3,2,sqrt,,55
p483,,,op5,op4,5,linear3,,45
p483,,,op6,op5,1,const,,55
p483,,,op7,op6,2,sqrt,,55
p483,,,op8,op7,15,linear3,,37.5
p483,,,op9,op8,40,linear7,,20
p484,450.919,BATCH_PIPELINE,op1,,1,const,,55
p484,,,op2,op1,2,sqrt,,55
p484,,,op3,op2,80,squared,,10
p484,,,op4,op3,15,linear3,,37.5
p484,,,op5,op4,5,linear3,,45
p484,,,op6,op5,5,linear3,,45
p484,,,op7,op6,40,linear7,,20
p484,,,op8,op7,80,squared,,10
p484,,,op9,op8,2,sqrt,,55
p484,,,op10,op9,15,linear3,,37.5
p484,,,op11,op10,15,linear3,,37.5
p485,450.919,BATCH_PIPELINE,op1,,1,const,,55
p485,,,op2,op1,40,linear7,,20
p485,,,op3,op1,40,linear7,,20
p485,,,op4,op1,5,linear3,,45
p485,,,op5,op1,5,linear3,,45
p485,,,op6,op1,20,linear7,,30
p485,,,op7,op1,5,linear3,,45
p486,450.919,INTERACTIVE,op1,,1,const,,55
p486,,,op2,,2,sqrt,,55
p486,,,op3,,80,squared,,10
p486,,,op4,,15,linear3,,37.5
p486,,,op5,op1;op2;op3;op4,80,squared,,10
p487,450.919,QUERY,op1,,15,linear3,,35
p488,450.919,INTERACTIVE,op1,,1,const,,55
p488,,,op2,op1,1,const,,55
p488,,,op3,op2,80,squared,,10
p488,,,op4,op3,2,sqrt,,55
p488,,,op5,op4,15,linear3,,37.5
p488,,,op6,op5,5,linear3,,45
p488,,,op7,op6,20,linear7,,30
p488,,,op8,op7,2,sqrt,,55
p488,,,op9,op8,15,linear3,,37.5
p489,450.919,BATCH_PIPELINE,op1,,1,const,,55
p489,,,op2,op1,5,linear3,,45
p489,,,op3,op2,1,const,,55
p489,,,op4,op3,5,linear3,,45
p489,,,op5,op4,15,linear3,,37.5
p490,450.919,QUERY,op1,,15,linear3,,35
p491,459.309,QUERY,op1,,15,linear3,,35
p492,459.309,QUERY,op1,,15,linear3,,35
p493,459.309,INTERACTIVE,op1,,1,const,,55
p493,,,op2,op1,20,linear7,,30
p493,,,op3,op2,15,linear3,,37.5
p493,,,op4,op3,20,linear7,,30
p493,,,op5,op4,80,squared,,10
p493,,,op6,op5,20,linear7,,30
p493,,,op7,op6,1,const,,55
p493,,,op8,op7,20,linear7,,30
p494,459.309,QUERY,op1,,15,linear3,,35
p495,459.309,INTERACTIVE,op1,,1,const,,55
p495,,,op2,,1,const,,55
p495,,,op3,,15,linear3,,37.5
p495,,,op4,,1,const,,55
p495,,,op5,,15,linear3,,37.5
p495,,,op6,,80,squared,,10
p495,,,op7,op1;op2;op3;op4;op5;op6,1,const,,55
p496,459.309,BATCH_PIPELINE,op1,,1,const,,55
p496,,,op2,op1,5,linear3,,45
p496,,,op3,op1,40,linear7,,20
p496,,,op4,op1,40,linear7,,20
p496,,,op5,op1,20,linear7,,30
p497,459.309,INTERACTIVE,op1,,1,const,,55
p497,,,op2,op1,40,linear7,,20
p497,,,op3,op1,2,sqrt,,55
p497,,,op4,op1,40,linear7,,20
p497,,,op5,op1,40,linear7,,20
p497,,,op6,op1,20,linear7,,30
p498,459.309,INTERACTIVE,op1,,1,const,,55
p498,,,op2,op1,20,linear7,,30
p498,,,op3,op1,15,linear3,,37.5
p498,,,op4,op1,15,linear3,,37.5
p498,,,op5,op1,40,linear7,,20
p498,,,op6,op1,15,linear3,,37.5
p499,459.309,QUERY,op1,,15,linear3,,35
p500,459.309,INTERACTIVE,op1,,1,const,,55
p500,,,op2,op1,15,linear3,,37.5
p500,,,op3,op2,40,linear7,,20
p500,,,op4,op3,2,sqrt,,55
p500,,,op5,op4,15,linear3,,37.5
p500,,,op6,op5,80,squared,,10
p501,464.407,INTERACTIVE,op1,,1,const,,55
p501,,,op2,op1,2,sqrt,,55
p501,,,op3,op2,15,linear3,,37.5
p501,,,op4,op3,80,squared,,10
p501,,,op5,op4,2,sqrt,,55
p502,464.407,INTERACTIVE,op1,,1,const,,55
p502,,,op2,,5,linear3,,45
p502,,,op3,,15,linear3,,37.5
p502,,,op4,op1;op2;op3,5,linear3,,45
p503,464.407,INTERACTIVE,op1,,1,const,,55
p503,,,op2,op1,80,squared,,10
p503,,,op3,op1,2,sqrt,,55
p503,,,op4,op1,20,linear7,,30
p503,,,op5,op1,2,sqrt,,55
p504,464.407,QUERY,op1,,15,linear3,,35
p505,464.407,QUERY,op1,,15,linear3,,35
p506,464.407,INTERACTIVE,op1,,1,const,,55
p506,,,op2,op1,15,linear3,,37.5
p506,,,op3,op2,40,linear7,,20
p506,,,op4,op3,20,linear7,,30
p506,,,op5,op4,5,linear3,,45
p506,,,op6,op5,1,const,,55
p506,,,op7,op6,15,linear3,,37.5
p507,464.407,INTERACTIVE,op1,,1,const,,55
p507,,,op2,op1,20,linear7,,30
p507,,,op3,op1,40,linear7,,20
p507,,,op4,op1,40,linear7,,20
p508,464.407,BATCH_PIPELINE,op1,,1,const,,55
p508,,,op2,,20,linear7,,30
p508,,,op3,,5,linear3,,45
p508,,,op4,op1;op2;op3,2,sqrt,,55
p509,464.407,INTERACTIVE,op1,,1,const,,55
p509,,,op2,op1,40,linear7,,20
p509,,,op3,op2,40,linear7,,20
p509,,,op4,op3,20,linear7,,30
p509,,,op5,op4,15,linear3,,37.5
p509,,,op6,op5,15,linear3,,37.5
p509,,,op7,op6,5,linear3,,45
p509,,,op8,op7,80,squared,,10
p510,464.407,QUERY,op1,,15,linear3,,35
p511,472.36400000000003,INTERACTIVE,op1,,1,const,,55
p511,,,op2,op1,5,linear3,,45
p511,,,op3,op2,20,linear7,,30
p511,,,op4,op3,40,linear7,,20
p512,472.36400000000003,QUERY,op1,,15,linear3,,35
p513,472.36400000000003,INTERACTIVE,op1,,1,const,,55
p513,,,op2,op1,5,linear3,,45
p513,,,op3,op2,5,linear3,,45
p513,,,op4,op3,80,squared,,10
p513,,,op5,op4,15,linear3,,37.5
p513,,,op6,op5,5,linear3,,45
p514,472.36400000000003,INTERACTIVE,op1,,1,const,,55
p514,,,op2,,5,linear3,,45
p514,,,op3,,20,linear7,,30
p514,,,op4,,15,linear3,,37.5
p514,,,op5,,20,linear7,,30
p514,,,op6,,5,linear3,,45
p514,,,op7,op1;op2;op3;op4;op5;op6,15,linear3,,37.5
p515,472.36400000000003,QUERY,op1,,15,linear3,,35
p516,472.36400000000003,INTERACTIVE,op1,,1,const,,55
p516,,,op2,op1,15,linear3,,37.5
p516,,,op3,op1,80,squared,,10
p516,,,op4,op1,1,const,,55
p517,472.36400000000003,QUERY,op1,,15,linear3,,35
p518,472.36400000000003,QUERY,op1,,15,linear3,,35
p519,472.36400000000003,QUERY,op1,,15,linear3,,35
p520,472.36400000000003,QUERY,op1,,15,linear3,,35
p521,480.545,INTERACTIVE,op1,,1,const,,55
p521,,,op2,op1,5,linear3,,45
p521,,,op3,op2,1,const,,55
p521,,,op4,op3,40,linear7,,20
p521,,,op5,op4,40,linear7,,20
p522,480.545,INTERACTIVE,op1,,1,const,,55
p522,,,op2,op1,20,linear7,,30
p522,,,op3,op2,2,sqrt,,55
p523,480.545,QUERY,op1,,15,linear3,,35
p524,480.545,QUERY,op1,,15,linear3,,35
p525,480.545,BATCH_PIPELINE,op1,,1,const,,55
p525,,,op2,op1,80,squared,,10
p525,,,op3,op2,2,sqrt,,55
p525,,,op4,op3,40,linear7,,20
p525,,,op5,op4,40,linear7,,20
p525,,,op6,op5,2,sqrt,,55
p525,,,op7,op6,20,linear7,,30
p525,,,op8,op7,5,linear3,,45
p525,,,op9,op8,20,linear7,,30
p525,,,op10,op9,15,linear3,,37.5
p525,,,op11,op10,40,linear7,,20
p526,480.545,QUERY,op1,,15,linear3,,35
p527,480.545,INTERACTIVE,op1,,1,const,,55
p527,,,op2,op1,40,linear7,,20
p527,,,op3,op2,5,linear3,,45
p527,,,op4,op3,2,sqrt,,55
p527,,,op5,op4,5,linear3,,45
p527,,,op6,op5,5,linear3,,45
p527,,,op7,op6,40,linear7,,20
p528,480.545,INTERACTIVE,op1,,1,const,,55
p528,,,op2,op1,80,squared,,10
p528,,,op3,op2,20,linear7,,30
p528,,,op4,op3,2,sqrt,,55
p528,,,op5,op4,80,squared,,10
p529,480.545,QUERY,op1,,15,linear3,,35
p530,480.545,QUERY,op1,,15,linear3,,35
p531,488.781,QUERY,op1,,15,linear3,,35
p532,488.781,INTERACTIVE,op1,,1,const,,55
p532,,,op2,op1,80,squared,,10
p532,,,op3,op2,2,sqrt,,55
p532,,,op4,op3,2,sqrt,,55
p532,,,op5,op4,20,linear7,,30
p532,,,op6,op5,80,squared,,10
p533,488.781,BATCH_PIPELINE,op1,,1,const,,55
p533,,,op2,op1,2,sqrt,,55
p533,,,op3,op2,2,sqrt,,55
p533,,,op4,op3,1,const,,55
p533,,,op5,op4,15,linear3,,37.5
p533,,,op6,op5,1,const,,55
p533,,,op7,op6,1,const,,55
p533,,,op8,op7,5,linear3,,45
p533,,,op9,op8,2,sqrt,,55
p534,488.781,QUERY,op1,,15,linear3,,35
p535,488.781,INTERACTIVE,op1,,1,const,,55
p535,,,op2,,40,linear7,,20
p535,,,op3,,15,linear3,,37.5
p535,,,op4,,20,linear7,,30
p535,,,op5,,20,linear7,,30
p535,,,op6,,15,linear3,,37.5
p535,,,op7,op1;op2;op3;op4;op5;op6,5,linear3,,45
p536,488.781,INTERACTIVE,op1,,1,const,,55
p536,,,op2,op1,15,linear3,,37.5
p536,,,op3,op2,5,linear3,,45
p536,,,op4,op3,5,linear3,,45
p537,488.781,QUERY,op1,,15,linear3,,35
p538,488.781,INTERACTIVE,op1,,1,const,,55
p538,,,op2,op1,40,linear7,,20
p538,,,op3,op2,5,linear3,,45
p538,,,op4,op3,1,const,,55
p538,,,op5,op4,40,linear7,,20
p538,,,op6,op5,5,linear3,,45
p539,488.781,INTERACTIVE,op1,,1,const,,55
p539,,,op2,op1,15,linear3,,37.5
p539,,,op3,op1,2,sqrt,,55
p539,,,op4,op1,20,linear7,,30
p539,,,op5,op1,5,linear3,,45
p539,,,op6,op1,80,squared,,10
p540,488.781,BATCH_PIPELINE,op1,,1,const,,55
p540,,,op2,op1,80,squared,,10
p540,,,op3,op2,80,squared,,10
p541,501.901,QUERY,op1,,15,linear3,,35
p542,501.901,QUERY,op1,,15,linear3,,35
p543,501.901,INTERACTIVE,op1,,1,const,,55
p543,,,op2,op1,5,linear3,,45
p543,,,op3,op2,5,linear3,,45
p543,,,op4,op3,40,linear7,,20
p543,,,op5,op4,40,linear7,,20
p543,,,op6,op5,20,linear7,,30
p544,501.901,INTERACTIVE,op1,,1,const,,55
p544,,,op2,op1,40,linear7,,20
p544,,,op3,op2,40,linear7,,20
p544,,,op4,op3,40,linear7,,20
p544,,,op5,op4,5,linear3,,45
p545,501.901,QUERY,op1,,15,linear3,,35
p546,501.901,INTERACTIVE,op1,,1,const,,55
p546,,,op2,,5,linear3,,45
p546,,,op3,,80,squared,,10
p546,,,op4,,80,squared,,10
p546,,,op5,,15,linear3,,37.5
p546,,,op6,,15,linear3,,37.5
p546,,,op7,,15,linear3,,37.5
p546,,,op8,op1;op2;op3;op4;op5;op6;op7,20,linear7,,30
p547,501.901,INTERACTIVE,op1,,1,const,,55
p547,,,op2,,40,linear7,,20
p547,,,op3,,2,sqrt,,55
p547,,,op4,,40,linear7,,20
p547,,,op5,,15,linear3,,37.5
p547,,,op6,op1;op2;op3;op4;op5,1,const,,55
p548,501.901,INTERACTIVE,op1,,1,const,,55
p548,,,op2,op1,15,linear3,,37.5
p548,,,op3,op2,15,linear3,,37.5
p548,,,op4,op3,80,squared,,10
p549,501.901,INTERACTIVE,op1,,1,const,,55
p549,,,op2,,5,linear3,,45
p549,,,op3,,15,linear3,,37.5
p549,,,op4,,1,const,,55
p549,,,op5,op1;op2;op3;op4,80,squared,,10
p550,501.901,INTERACTIVE,op1,,1,const,,55
p550,,,op2,op1,40,linear7,,20
p550,,,op3,op2,15,linear3,,37.5
p550,,,op4,op3,15,linear3,,37.5
p550,,,op5,op4,5,linear3,,45
p550,,,op6,op5,15,linear3,,37.5
p550,,,op7,op6,20,linear7,,30
p550,,,op8,op7,5,linear3,,45
p550,,,op9,op8,15,linear3,,37.5
p551,509.529,QUERY,op1,,15,linear3,,35
p552,509.529,BATCH_PIPELINE,op1,,1,const,,55
p552,,,op2,op1,15,linear3,,37.5
p552,,,op3,op2,1,const,,55
p552,,,op4,op3,5,linear3,,45
p552,,,op5,op4,15,linear3,,37.5
p552,,,op6,op5,80,squared,,10
p552,,,op7,op6,15,linear3,,37.5
p552,,,op8,op7,40,linear7,,20
p552,,,op9,op8,20,linear7,,30
p552,,,op10,op9,80,squared,,10
p552,,,op11,op10,15,linear3,,37.5
p553,509.529,QUERY,op1,,15,linear3,,35
p554,509.529,INTERACTIVE,op1,,1,const,,55
p554,,,op2,op1,80,squared,,10
p554,,,op3,op2,40,linear7,,20
p554,,,op4,op3,5,linear3,,45
p555,509.529,BATCH_PIPELINE,op1,,1,const,,55
p555,,,op2,,1,const,,55
p555,,,op3,,5,linear3,,45
p555,,,op4,,5,linear3,,45
p555,,,op5,,1,const,,55
p555,,,op6,,40,linear7,,20
p555,,,op7,,5,linear3,,45
p555,,,op8,,20,linear7,,30
p555,,,op9,op1;op2;op3;op4;op5;op6;op7;op8,80,squared,,10
p556,509.529,INTERACTIVE,op1,,1,const,,55
p556,,,op2,,40,linear7,,20
p556,,,op3,,5,linear3,,45
p556,,,op4,,5,linear3,,45
p556,,,op5,op1;op2;op3;op4,40,linear7,,20
p557,509.529,BATCH_PIPELINE,op1,,1,const,,55
p557,,,op2,op1,80,squared,,10
p557,,,op3,op1,20,linear7,,30
p558,509.529,QUERY,op1,,15,linear3,,35
p559,509.529,QUERY,op1,,15,linear3,,35
p560,509.529,QUERY,op1,,15,linear3,,35
p561,517.304,BATCH_PIPELINE,op1,,1,const,,55
p561,,,op2,op1,15,linear3,,37.5
p561,,,op3,op1,15,linear3,,37.5
p561,,,op4,op1,20,linear7,,30
p561,,,op5,op1,1,const,,55
p562,517.304,INTERACTIVE,op1,,1,const,,55
p562,,,op2,op1,15,linear3,,37.5
p562,,,op3,op1,15,linear3,,37.5
p562,,,op4,op1,2,sqrt,,55
p562,,,op5,op1,15,linear3,,37.5
p562,,,op6,op1,80,squared,,10
p562,,,op7,op1,15,linear3,,37.5
p563,517.304,QUERY,op1,,15,linear3,,35
p564,517.304,INTERACTIVE,op1,,1,const,,55
p564,,,op2,op1,20,linear7,,30
p564,,,op3,op2,20,linear7,,30
p564,,,op4,op3,40,linear7,,20
p564,,,op5,op4,80,squared,,10
p564,,,op6,op5,40,linear7,,20
p565,517.304,QUERY,op1,,15,linear3,,35
p566,517.304,INTERACTIVE,op1,,1,const,,55
p566,,,op2,op1,2,sqrt,,55
p566,,,op3,op2,5,linear3,,45
p566,,,op4,op3,5,linear3,,45
p566,,,op5,op4,5,linear3,,45
p567,517.304,QUERY,op1,,15,linear3,,35
p568,517.304,INTERACTIVE,op1,,1,const,,55
p568,,,op2,,15,linear3,,37.5
p568,,,op3,,15,linear3,,37.5
p568,,,op4,,15,linear3,,37.5
p568,,,op5,,20,linear7,,30
p568,,,op6,op1;op2;op3;op4;op5,20,linear7,,30
p569,517.304,BATCH_PIPELINE,op1,,1,const,,55
p569,,,op2,,15,linear3,,37.5
p569,,,op3,,1,const,,55
p569,,,op4,,20,linear7,,30
p569,,,op5,,40,linear7,,20
p569,,,op6,op1;op2;op3;op4;op5,2,sqrt,,55
p570,517.304,QUERY,op1,,15,linear3,,35
p571,522.422,QUERY,op1,,15,linear3,,35
p572,522.422,QUERY,op1,,15,linear3,,35
p573,522.422,QUERY,op1,,15,linear3,,35
p574,522.422,QUERY,op1,,15,linear3,,35
p575,522.422,QUERY,op1,,15,linear3,,35
p576,522.422,QUERY,op1,,15,linear3,,35
p577,522.422,BATCH_PIPELINE,op1,,1,const,,55
p577,,,op2,op1,2,sqrt,,55
p577,,,op3,op1,15,linear3,,37.5
p577,,,op4,op1,40,linear7,,20
p577,,,op5,op1,40,linear7,,20
p577,,,op6,op1,2,sqrt,,55
p577,,,op7,op1,40,linear7,,20
p577,,,op8,op1,2,sqrt,,55
p577,,,op9,op1,80,squared,,10
p578,522.422,INTERACTIVE,op1,,1,const,,55
p578,,,op2,op1,80,squared,,10
p578,,,op3,op2,20,linear7,,30
p578,,,op4,op3,2,sqrt,,55
p578,,,op5,op4,5,linear3,,45
p578,,,op6,op5,40,linear7,,20
p578,,,op7,op6,40,linear7,,20
p579,522.422,QUERY,op1,,15,linear3,,35
p580,522.422,INTERACTIVE,op1,,1,const,,55
p580,,,op2,op1,2,sqrt,,55
p580,,,op3,op2,2,sqrt,,55
p580,,,op4,op3,20,linear7,,30
p580,,,op5,op4,80,squared,,10
p580,,,op6,op5,80,squared,,10
p580,,,op7,op6,40,linear7,,20
p581,532.069,QUERY,op1,,15,linear3,,35
p582,532.069,QUERY,op1,,15,linear3,,35
p583,532.069,QUERY,op1,,15,linear3,,35
p584,532.069,INTERACTIVE,op1,,1,const,,55
p584,,,op2,op1,15,linear3,,37.5
p584,,,op3,op2,20,linear7,,30
p584,,,op4,op3,20,linear7,,30
p585,532.069,QUERY,op1,,15,linear3,,35
p586,532.069,BATCH_PIPELINE,op1,,1,const,,55
p586,,,op2,op1,2,sqrt,,55
p586,,,op3,op1,15,linear3,,37.5
p586,,,op4,op1,20,linear7,,30
p586,,,op5,op1,2,sqrt,,55
p586,,,op6,op1,15,linear3,,37.5
p586,,,op7,op1,2,sqrt,,55
p587,532.069,QUERY,op1,,15,linear3,,35
p588,532.069,QUERY,op1,,15,linear3,,35
p589,532.069,QUERY,op1,,15,linear3,,35
p590,532.069,INTERACTIVE,op1,,1,const,,55
p590,,,op2,op1,15,linear3,,37.5
p590,,,op3,op2,80,squared,,10
p590,,,op4,op3,15,linear3,,37.5
p590,,,op5,op4,20,linear7,,30
p590,,,op6,op5,5,linear3,,45
p591,541.907,BATCH_PIPELINE,op1,,1,const,,55
p591,,,op2,op1,15,linear3,,37.5
p591,,,op3,op2,15,linear3,,37.5
p591,,,op4,op3,2,sqrt,,55
p591,,,op5,op4,20,linear7,,30
p591,,,op6,op5,5,linear3,,45
p591,,,op7,op6,2,sqrt,,55
p592,541.907,INTERACTIVE,op1,,1,const,,55
p592,,,op2,op1,1,const,,55
p592,,,op3,op2,5,linear3,,45
p592,,,op4,op3,15,linear3,,37.5
p592,,,op5,op4,20,linear7,,30
p592,,,op6,op5,20,linear7,,30
p592,,,op7,op6,20,linear7,,30
p592,,,op8,op7,5,linear3,,45
p592,,,op9,op8,20,linear7,,30
p592,,,op10,op9,2,sqrt,,55
p593,541.907,BATCH_PIPELINE,op1,,1,const,,55
p593,,,op2,op1,40,linear7,,20
p593,,,op3,op2,20,linear7,,30
p593,,,op4,op3,40,linear7,,20
p593,,,op5,op4,15,linear3,,37.5
p593,,,op6,op5,20,linear7,,30
p594,541.907,BATCH_PIPELINE,op1,,1,const,,55
p594,,,op2,op1,20,linear7,,30
p594,,,op3,op2,15,linear3,,37.5
p594,,,op4,op3,2,sqrt,,55
p594,,,op5,op4,1,const,,55
p594,,,op6,op5,2,sqrt,,55
p594,,,op7,op6,20,linear7,,30
p594,,,op8,op7,20,linear7,,30
p594,,,op9,op8,1,const,,55
p595,541.907,INTERACTIVE,op1,,1,const,,55
p595,,,op2,op1,1,const,,55
p595,,,op3,op2,1,const,,55
p595,,,op4,op3,2,sqrt,,55
p596,541.907,INTERACTIVE,op1,,1,const,,55
p596,,,op2,op1,40,linear7,,20
p596,,,op3,op2,1,const,,55
p596,,,op4,op3,15,linear3,,37.5
p597,541.907,INTERACTIVE,op1,,1,const,,55
p597,,,op2,,40,linear7,,20
p597,,,op3,,5,linear3,,45
p597,,,op4,,40,linear7,,20
p597,,,op5,op1;op2;op3;op4,20,linear7,,30
p598,541.907,INTERACTIVE,op1,,1,const,,55
p598,,,op2,op1,40,linear7,,20
p598,,,op3,op2,5,linear3,,45
p598,,,op4,op3,15,linear3,,37.5
p598,,,op5,op4,15,linear3,,37.5
p598,,,op6,op5,40,linear7,,20
p599,541.907,QUERY,op1,,15,linear3,,35
p600,541.907,INTERACTIVE,op1,,1,const,,55
p600,,,op2,,80,squared,,10
p600,,,op3,,80,squared,,10
p600,,,op4,,40,linear7,,20
p600,,,op5,,80,squared,,10
p600,,,op6,op1;op2;op3;op4;op5,15,linear3,,37.5
p601,547.169,INTERACTIVE,op1,,1,const,,55
p601,,,op2,op1,2,sqrt,,55
p601,,,op3,op1,15,linear3,,37.5
p601,,,op4,op1,20,linear7,,30
p601,,,op5,op1,1,const,,55
p601,,,op6,op1,5,linear3,,45
p602,547.169,INTERACTIVE,op1,,1,const,,55
p602,,,op2,op1,5,linear3,,45
p602,,,op3,op1,20,linear7,,30
p602,,,op4,op1,40,linear7,,20
p603,547.169,QUERY,op1,,15,linear3,,35
p604,547.169,QUERY,op1,,15,linear3,,35
p605,547.169,INTERACTIVE,op1,,1,const,,55
p605,,,op2,op1,20,linear7,,30
p605,,,op3,op2,20,linear7,,30
p605,,,op4,op3,20,linear7,,30
p605,,,op5,op4,20,linear7,,30
p605,,,op6,op5,2,sqrt,,55
p605,,,op7,op6,1,const,,55
p606,547.169,BATCH_PIPELINE,op1,,1,const,,55
p606,,,op2,,15,linear3,,37.5
p606,,,op3,,1,const,,55
p606,,,op4,,40,linear7,,20
p606,,,op5,,5,linear3,,45
p606,,,op6,,15,linear3,,37.5
p606,,,op7,,2,sqrt,,55
p606,,,op8,op1;op2;op3;op4;op5;op6;op7,80,squared,,10
p607,547.169,QUERY,op1,,15,linear3,,35
p608,547.169,INTERACTIVE,op1,,1,const,,55
p608,,,op2,op1,20,linear7,,30
p608,,,op3,op2,80,squared,,10
p608,,,op4,op3,5,linear3,,45
p608,,,op5,op4,20,linear7,,30
p608,,,op6,op5,1,const,,55
p609,547.169,INTERACTIVE,op1,,1,const,,55
p609,,,op2,,40,linear7,,20
p609,,,op3,,5,linear3,,45
p609,,,op4,,15,linear3,,37.5
p609,,,op5,op1;op2;op3;op4,5,linear3,,45
p610,547.169,QUERY,op1,,15,linear3,,35
p611,553.623,QUERY,op1,,15,linear3,,35
p612,553.623,INTERACTIVE,op1,,1,const,,55
p612,,,op2,op1,80,squared,,10
p612,,,op3,op2,40,linear7,,20
p612,,,op4,op3,5,linear3,,45
p613,553.623,QUERY,op1,,15,linear3,,35
p614,553.623,QUERY,op1,,15,linear3,,35
p615,553.623,INTERACTIVE,op1,,1,const,,55
p615,,,op2,op1,5,linear3,,45
p615,,,op3,op2,2,sqrt,,55
p616,553.623,INTERACTIVE,op1,,1,const,,55
p616,,,op2,op1,20,linear7,,30
p616,,,op3,op2,5,linear3,,45
p616,,,op4,op3,20,linear7,,30
p616,,,op5,op4,20,linear7,,30
p616,,,op6,op5,15,linear3,,37.5
p617,553.623,INTERACTIVE,op1,,1,const,,55
p617,,,op2,op1,80,squared,,10
p617,,,op3,op1,40,linear7,,20
p617,,,op4,op1,40,linear7,,20
p617,,,op5,op1,80,squared,,10
p617,,,op6,op1,20,linear7,,30
p618,553.623,INTERACTIVE,op1,,1,const,,55
p618,,,op2,op1,5,linear3,,45
p618,,,op3,op2,5,linear3,,45
p618,,,op4,op3,20,linear7,,30
p618,,,op5,op4,15,linear3,,37.5
p618,,,op6,op5,15,linear3,,37.5
p618,,,op7,op6,40,linear7,,20
p619,553.623,BATCH_PIPELINE,op1,,1,const,,55
p619,,,op2,,40,linear7,,20
p619,,,op3,,20,linear7,,30
p619,,,op4,,1,const,,55
p619,,,op5,,5,linear3,,45
p619,,,op6,,15,linear3,,37.5
p619,,,op7,op1;op2;op3;op4;op5;op6,20,linear7,,30
p620,553.623,BATCH_PIPELINE,op1,,1,const,,55
p620,,,op2,op1,15,linear3,,37.5
p620,,,op3,op1,2,sqrt,,55
p620,,,op4,op1,5,linear3,,45
p620,,,op5,op1,15,linear3,,37.5
p620,,,op6,op1,15,linear3,,37.5
p620,,,op7,op1,1,const,,55
p620,,,op8,op1,5,linear3,,45
p621,562.75,INTERACTIVE,op1,,1,const,,55
p621,,,op2,op1,2,sqrt,,55
p621,,,op3,op2,1,const,,55
p621,,,op4,op3,5,linear3,,45
p621,,,op5,op4,40,linear7,,20
p622,562.75,BATCH_PIPELINE,op1,,1,const,,55
p622,,,op2,op1,5,linear3,,45
p622,,,op3,op2,15,linear3,,37.5
p622,,,op4,op3,15,linear3,,37.5
p622,,,op5,op4,20,linear7,,30
p622,,,op6,op5,2,sqrt,,55
p622,,,op7,op6,15,linear3,,37.5
p622,,,op8,op7,20,linear7,,30
p622,,,op9,op8,20,linear7,,30
p623,562.75,INTERACTIVE,op1,,1,const,,55
p623,,,op2,op1,5,linear3,,45
p623,,,op3,op1,5,linear3,,45
p623,,,op4,op1,2,sqrt,,55
p623,,,op5,op1,15,linear3,,37.5
p624,562.75,QUERY,op1,,15,linear3,,35
p625,562.75,INTERACTIVE,op1,,1,const,,55
p625,,,op2,op1,20,linear7,,30
p625,,,op3,op2,2,sqrt,,55
p625,,,op4,op3,15,linear3,,37.5
p625,,,op5,op4,15,linear3,,37.5
p625,,,op6,op5,20,linear7,,30
p626,562.75,INTERACTIVE,op1,,1,const,,55
p626,,,op2,,1,const,,55
p626,,,op3,,5,linear3,,45
p626,,,op4,,15,linear3,,37.5
p626,,,op5,op1;op2;op3;op4,5,linear3,,45
p627,562.75,BATCH_PIPELINE,op1,,1,const,,55
p627,,,op2,op1,5,linear3,,45
p627,,,op3,op1,15,linear3,,37.5
p627,,,op4,op1,15,linear3,,37.5
p627,,,op5,op1,80,squared,,10
p627,,,op6,op1,2,sqrt,,55
p627,,,op7,op1,15,linear3,,37.5
p628,562.75,QUERY,op1,,15,linear3,,35
p629,562.75,INTERACTIVE,op1,,1,const,,55
p629,,,op2,op1,5,linear3,,45
p629,,,op3,op2,2,sqrt,,55
p629,,,op4,op3,1,const,,55
p629,,,op5,op4,5,linear3,,45
p630,562.75,INTERACTIVE,op1,,1,const,,55
p630,,,op2,op1,2,sqrt,,55
p630,,,op3,op2,15,linear3,,37.5
p630,,,op4,op3,1,const,,55
p630,,,op5,op4,5,linear3,,45
p630,,,op6,op5,20,linear7,,30
p631,573.607,INTERACTIVE,op1,,1,const,,55
p631,,,op2,,2,sqrt,,55
p631,,,op3,,40,linear7,,20
p631,,,op4,,80,squared,,10
p631,,,op5,,20,linear7,,30
p631,,,op6,,15,linear3,,37.5
p631,,,op7,op1;op2;op3;op4;op5;op6,1,const,,55
p632,573.607,INTERACTIVE,op1,,1,const,,55
p632,,,op2,,2,sqrt,,55
p632,,,op3,,15,linear3,,37.5
p632,,,op4,,15,linear3,,37.5
p632,,,op5,,40,linear7,,20
p632,,,op6,op1;op2;op3;op4;op5,15,linear3,,37.5
p633,573.607,INTERACTIVE,op1,,1,const,,55
p633,,,op2,op1,40,linear7,,20
p633,,,op3,op2,2,sqrt,,55
p633,,,op4,op3,80,squared,,10
p633,,,op5,op4,20,linear7,,30
p633,,,op6,op5,20,linear7,,30
p634,573.607,QUERY,op1,,15,linear3,,35
p635,573.607,BATCH_PIPELINE,op1,,1,const,,55
p635,,,op2,op1,80,squared,,10
p635,,,op3,op1,5,linear3,,45
p635,,,op4,op1,15,linear3,,37.5
p635,,,op5,op1,1,const,,55
p635,,,op6,op1,20,linear7,,30
p635,,,op7,op1,2,sqrt,,55
p635,,,op8,op1,15,linear3,,37.5
p635,,,op9,op1,5,linear3,,45
p636,573.607,BATCH_PIPELINE,op1,,1,const,,55
p636,,,op2,op1,15,linear3,,37.5
p636,,,op3,op2,5,linear3,,45
p636,,,op4,op3,40,linear7,,20
p636,,,op5,op4,5,linear3,,45
p636,,,op6,op5,5,linear3,,45
p636,,,op7,op6,40,linear7,,20
p636,,,op8,op7,5,linear3,,45
p636,,,op9,op8,15,linear3,,37.5
p636,,,op10,op9,1,const,,55
p636,,,op11,op10,20,linear7,,30
p637,573.607,INTERACTIVE,op1,,1,const,,55
p637,,,op2,op1,2,sqrt,,55
p637,,,op3,op2,20,linear7,,30
p637,,,op4,op3,2,sqrt,,55
p637,,,op5,op4,15,linear3,,37.5
p637,,,op6,op5,40,linear7,,20
p637,,,op7,op6,15,linear3,,37.5
p638,573.607,QUERY,op1,,15,linear3,,35
p639,573.607,QUERY,op1,,15,linear3,,35
p640,573.607,INTERACTIVE,op1,,1,const,,55
p640,,,op2,op1,80,squared,,10
p640,,,op3,op1,1,const,,55
p640,,,op4,op1,80,squared,,10
p640,,,op5,op1,40,linear7,,20
p640,,,op6,op1,1,const,,55
p641,581.9250000000001,QUERY,op1,,15,linear3,,35
p642,581.9250000000001,INTERACTIVE,op1,,1,const,,55
p642,,,op2,op1,1,const,,55
p642,,,op3,op1,15,linear3,,37.5
p642,,,op4,op1,40,linear7,,20
p643,581.9250000000001,INTERACTIVE,op1,,1,const,,55
p643,,,op2,op1,40,linear7,,20
p643,,,op3,op2,80,squared,,10
p643,,,op4,op3,40,linear7,,20
p643,,,op5,op4,40,linear7,,20
p644,581.9250000000001,BATCH_PIPELINE,op1,,1,const,,55
p644,,,op2,,5,linear3,,45
p644,,,op3,,1,const,,55
p644,,,op4,,2,sqrt,,55
p644,,,op5,,5,linear3,,45
p644,,,op6,,15,linear3,,37.5
p644,,,op7,,80,squared,,10
p644,,,op8,op1;op2;op3;op4;op5;op6;op7,15,linear3,,37.5
p645,581.9250000000001,INTERACTIVE,op1,,1,const,,55
p645,,,op2,,20,linear7,,30
p645,,,op3,,15,linear3,,37.5
p645,,,op4,,80,squared,,10
p645,,,op5,,20,linear7,,30
p645,,,op6,,2,sqrt,,55
p645,,,op7,op1;op2;op3;op4;op5;op6,15,linear3,,37.5
p646,581.9250000000001,INTERACTIVE,op1,,1,const,,55
p646,,,op2,op1,20,linear7,,30
p646,,,op3,op2,2,sqrt,,55
p646,,,op4,op3,20,linear7,,30
p646,,,op5,op4,1,const,,55
p647,581.9250000000001,QUERY,op1,,15,linear3,,35
p648,581.9250000000001,BATCH_PIPELINE,op1,,1,const,,55
p648,,,op2,op1,20,linear7,,30
p648,,,op3,op2,15,linear3,,37.5
p648,,,op4,op3,15,linear3,,37.5
p648,,,op5,op4,20,linear7,,30
p648,,,op6,op5,2,sqrt,,55
p648,,,op7,op6,15,linear3,,37.5
p648,,,op8,op7,5,linear3,,45
p649,581.9250000000001,QUERY,op1,,15,linear3,,35
p650,581.9250000000001,QUERY,op1,,15,linear3,,35
p651,594.4540000000001,INTERACTIVE,op1,,1,const,,55
p651,,,op2,op1,15,linear3,,37.5
p651,,,op3,op2,80,squared,,10
p651,,,op4,op3,15,linear3,,37.5
p652,594.4540000000001,QUERY,op1,,15,linear3,,35
p653,594.4540000000001,QUERY,op1,,15,linear3,,35
p654,594.4540000000001,QUERY,op1,,15,linear3,,35
p655,594.4540000000001,BATCH_PIPELINE,op1,,1,const,,55
p655,,,op2,op1,20,linear7,,30
p655,,,op3,op2,2,sqrt,,55
p655,,,op4,op3,15,linear3,,37.5
p655,,,op5,op4,15,linear3,,37.5
p655,,,op6,op5,5,linear3,,45
p655,,,op7,op6,20,linear7,,30
p655,,,op8,op7,5,linear3,,45
p655,,,op9,op8,2,sqrt,,55
p656,594.4540000000001,QUERY,op1,,15,linear3,,35
p657,594.4540000000001,BATCH_PIPELINE,op1,,1,const,,55
p657,,,op2,op1,2,sqrt,,55
p657,,,op3,op2,1,const,,55
p657,,,op4,op3,40,linear7,,20
p657,,,op5,op4,1,const,,55
p657,,,op6,op5,40,linear7,,20
p658,594.4540000000001,INTERACTIVE,op1,,1,const,,55
p658,,,op2,op1,20,linear7,,30
p658,,,op3,op2,2,sqrt,,55
p658,,,op4,op3,40,linear7,,20
p658,,,op5,op4,15,linear3,,37.5
p659,594.4540000000001,QUERY,op1,,15,linear3,,35
p660,594.4540000000001,QUERY,op1,,15,linear3,,35
